review_id,review,rating,owner,og_link
1,"No.1 from Tokyo
‡∏£‡∏≤‡∏Ñ‡∏≤‡∏ï‡πà‡∏≠‡∏´‡∏±‡∏ß: 251 - 500 ‡∏ö‡∏≤‡∏ó
‡πÄ‡∏°‡∏ô‡∏π‡πÄ‡∏î‡πá‡∏î: Chashu Noko Gyokai Ramen, ‡πÄ‡∏Å‡∏µ‡πä‡∏¢‡∏ß‡∏ã‡πà‡∏≤
‡∏£‡πâ‡∏≤‡∏ô‡∏ï‡∏±‡πâ‡∏á‡∏≠‡∏¢‡∏π‡πà‡∏ä‡∏±‡πâ‡∏ô 3 ‡∏´‡πâ‡∏≤‡∏á Gaysorn Village ‡πÄ‡∏£‡∏≤‡∏°‡∏≤‡∏™‡∏≠‡∏á‡∏Ñ‡∏ô‡∏™‡∏±‡πà‡∏á 3 ‡∏≠‡∏¢‡πà‡∏≤‡∏á
1. Shio Ramen (250‡∏ø) ‡∏ô‡πâ‡∏≥‡∏ã‡∏∏‡∏õ‡πÑ‡∏Å‡πà‡πÄ‡∏Ñ‡∏µ‡πà‡∏¢‡∏ß‡∏Å‡∏±‡∏ö‡∏ã‡∏µ‡∏ü‡∏π‡πâ‡∏î ‡∏£‡∏™‡∏ä‡∏≤‡∏ï‡∏¥‡∏Å‡∏•‡∏°‡∏Å‡∏•‡πà‡∏≠‡∏° ‡πÄ‡∏™‡∏¥‡∏£‡πå‡∏ü‡∏û‡∏£‡πâ‡∏≠‡∏°‡∏ä‡∏≤‡∏ä‡∏π‡πÑ‡∏Å‡πà ‡∏™‡∏±‡∏ô‡∏Ñ‡∏≠‡∏´‡∏°‡∏π ‡∏´‡∏ô‡πà‡∏≠‡πÑ‡∏°‡πâ‡πÅ‡∏•‡∏∞‡∏™‡∏≤‡∏´‡∏£‡πà‡∏≤‡∏¢ 1 ‡πÅ‡∏ú‡πà‡∏ô
2. Chashu Noko Gyokai Ramen (265‡∏ø) ‡∏ô‡πâ‡∏≥‡∏ã‡∏∏‡∏õ‡∏Ç‡πâ‡∏ô‡∏Å‡∏ß‡πà‡∏≤ Shio ramen ‡πÄ‡∏™‡∏¥‡∏£‡πå‡∏ü‡∏û‡∏£‡πâ‡∏≠‡∏°‡∏≠‡∏Å‡πÑ‡∏Å‡πà ‡∏™‡∏±‡∏ô‡∏Ñ‡∏≠‡∏´‡∏°‡∏π ‡πÅ‡∏•‡∏∞‡∏´‡∏°‡∏π‡∏™‡∏≤‡∏°‡∏ä‡∏±‡πâ‡∏ô ‡∏≠‡∏£‡πà‡∏≠‡∏¢‡∏î‡∏µ
3. ‡πÄ‡∏Å‡∏µ‡πä‡∏¢‡∏ß‡∏ã‡πà‡∏≤ 5 ‡∏ä‡∏¥‡πâ‡∏ô (100‡∏ø) ‡πÄ‡∏°‡∏ô‡∏π‡∏ã‡∏¥‡∏Å‡πÄ‡∏à‡∏≠‡∏£‡πå‡∏Ç‡∏≠‡∏á‡∏£‡πâ‡∏≤‡∏ô ‡πÅ‡∏õ‡πâ‡∏á‡∏î‡πâ‡∏≤‡∏ô‡∏ô‡∏≠‡∏Å‡∏Å‡∏£‡∏≠‡∏ö‡∏Å‡∏±‡∏î‡πÄ‡∏Ç‡πâ‡∏≤‡πÑ‡∏õ‡∏î‡πâ‡∏≤‡∏ô‡πÉ‡∏ô juicey ‡∏™‡∏°‡πÅ‡∏•‡πâ‡∏ß‡∏ó‡∏µ‡πà‡πÑ‡∏î‡πâ‡πÅ‡∏£‡∏á‡∏ö‡∏±‡∏ô‡∏î‡∏≤‡∏•‡πÉ‡∏à‡∏°‡∏≤‡∏à‡∏≤‡∏Å‡πÄ‡∏™‡∏µ‡πà‡∏¢‡∏ß‡∏´‡∏•‡∏á‡πÄ‡∏õ‡∏≤",4,Pia Patrisha,https://www.wongnai.com/reviews/003cb29b8fdc40f0bd93d90d8d1d0a71
2,"‡∏™‡∏∏‡∏î‡∏¢‡∏≠‡∏î‡∏£‡∏≤‡πÄ‡∏°‡∏á‡∏£‡πâ‡∏≤‡∏ô‡πÇ‡∏õ‡∏£‡∏î‡πÉ‡∏ô‡πÑ‡∏ó‡∏¢
‡∏£‡∏≤‡∏Ñ‡∏≤‡∏ï‡πà‡∏≠‡∏´‡∏±‡∏ß: 251 - 500 ‡∏ö‡∏≤‡∏ó
‡πÄ‡∏°‡∏ô‡∏π‡πÄ‡∏™‡πâ‡∏ô‡πÜ‡∏ô‡∏µ‡πà‡πÄ‡∏î‡∏•‡∏¥‡πÄ‡∏ß‡∏≠‡∏£‡∏µ‡πà‡πÑ‡∏°‡πà‡πÑ‡∏î‡πâ‡∏à‡∏£‡∏¥‡∏á‡πÜ ‡∏¢‡∏¥‡πà‡∏á‡∏£‡∏≤‡πÄ‡∏°‡∏á‡∏ô‡∏µ‡πà‡∏¢‡∏¥‡πà‡∏á‡∏´‡∏ô‡∏±‡∏Å‡πÄ‡∏•‡∏¢ ‡∏£‡πâ‡∏≤‡∏ô‡∏ô‡∏µ‡πâ‡∏Ñ‡∏≠‡∏£‡∏≤‡πÄ‡∏°‡∏á‡∏ô‡πà‡∏≤‡∏à‡∏∞‡∏£‡∏π‡πâ‡∏à‡∏±‡∏Å‡∏Å‡∏±‡∏ô‡∏î‡∏µ‡∏≠‡∏¢‡∏π‡πà‡πÅ‡∏•‡πâ‡∏ß ‡∏£‡πâ‡∏≤‡∏ô‡∏î‡∏±‡∏á‡∏à‡∏≤‡∏Å‡∏¢‡πà‡∏≤‡∏ô Shin Koiwa‡πÉ‡∏ô‡πÇ‡∏ï‡πÄ‡∏Å‡∏µ‡∏¢‡∏ß ‡∏Ñ‡∏∞‡πÅ‡∏ô‡∏ô‡∏î‡∏µ‡∏ó‡∏∏‡∏Å‡∏™‡∏≥‡∏ô‡∏±‡∏Å ‡∏Ñ‡∏ô‡πÄ‡∏¢‡∏≠‡∏∞ ‡∏Ñ‡∏¥‡∏ß‡∏¢‡∏≤‡∏ß‡∏ó‡∏∏‡∏Å‡∏ß‡∏±‡∏ô ‡∏™‡∏≤‡∏Ç‡∏≤‡∏ó‡∏µ‡πà‡πÑ‡∏ó‡∏¢‡∏≠‡∏¢‡∏π‡πà‡∏ä‡∏±‡πâ‡∏ô B1 ‡πÇ‡∏£‡∏á‡πÅ‡∏£‡∏°‡πÄ‡∏≠‡∏£‡∏≤‡∏ß‡∏±‡∏ì

‡∏£‡πâ‡∏≤‡∏ô‡∏ô‡∏µ‡πâ‡πÄ‡∏Ñ‡πâ‡∏≤‡πÇ‡∏î‡πà‡∏á‡∏î‡∏±‡∏á‡πÄ‡∏£‡∏∑‡πà‡∏≠‡∏á ""Tsukemen"" ‡∏Ç‡∏≠‡∏á‡∏î‡∏µ‡∏à‡∏£‡∏¥‡∏á ‡πÑ‡∏õ‡∏ä‡∏¥‡∏°‡∏ó‡∏µ‡πà‡∏ç‡∏µ‡πà‡∏õ‡∏∏‡πà‡∏ô‡∏°‡∏≤‡πÅ‡∏•‡πâ‡∏ß‡∏ï‡∏¥‡∏î‡πÉ‡∏à ‡∏¢‡∏Å‡πÉ‡∏´‡πâ‡πÄ‡∏õ‡πá‡∏ô‡∏°‡∏≤‡∏ï‡∏£‡∏ê‡∏≤‡∏ô‡∏ã‡∏∂‡πÄ‡∏Ñ‡∏∞‡πÄ‡∏°‡πá‡∏á‡πÉ‡∏ô‡πÉ‡∏à‡πÄ‡∏•‡∏¢ ‡πÄ‡∏™‡πâ‡∏ô‡πÄ‡∏î‡πâ‡∏á ‡∏ã‡∏∏‡∏õ‡∏î‡∏µ ‡πÄ‡∏Ñ‡∏£‡∏∑‡πà‡∏≠‡∏á‡∏≠‡∏£‡πà‡∏≠‡∏¢ ‡∏Å‡∏¥‡∏ô‡∏£‡∏ß‡∏°‡∏Å‡∏±‡∏ô‡πÄ‡∏•‡∏¥‡∏®‡∏°‡∏≤‡∏Å

Itto tsukemen 270‡∏ø++
‡πÄ‡∏°‡∏ô‡∏π‡πÄ‡∏î‡πá‡∏î‡∏Ç‡∏≠‡∏á‡∏£‡πâ‡∏≤‡∏ô ‡∏£‡∏≤‡πÄ‡∏°‡∏á‡πÅ‡∏¢‡∏Å‡πÄ‡∏™‡πâ‡∏ô‡πÅ‡∏ö‡∏ö‡∏à‡∏¥‡πâ‡∏°‡∏à‡∏∏‡πà‡∏° ‡πÄ‡∏™‡πâ‡∏ô‡πÉ‡∏´‡∏ç‡πà‡∏´‡∏ô‡∏∂‡∏ö‡πÜ‡∏ó‡∏≥‡∏à‡∏≤‡∏Å‡πÅ‡∏õ‡πâ‡∏á‡∏™‡∏≤‡∏•‡∏µ‡∏ú‡∏™‡∏°‡∏à‡∏°‡∏π‡∏Å‡∏Ç‡πâ‡∏≤‡∏ß‡πÜ ‡∏ã‡∏∏‡∏õ‡∏£‡∏™‡∏ä‡∏≤‡∏ï‡∏¥‡πÄ‡∏Ç‡πâ‡∏°‡∏Ç‡πâ‡∏ô‡∏à‡∏≤‡∏Å‡πÇ‡∏Ñ‡∏£‡∏á‡πÑ‡∏Å‡πà ‡∏õ‡∏•‡∏≤‡∏ó‡∏∞‡πÄ‡∏• ‡∏Å‡∏∏‡πâ‡∏á‡∏ã‡∏≤‡∏Å‡∏∏‡∏£‡∏∞ ‡πÅ‡∏•‡∏∞‡∏´‡∏≠‡∏¢‡πÄ‡∏ä‡∏•‡∏•‡πå
‡πÄ‡∏Ñ‡∏£‡∏∑‡πà‡∏≠‡∏á‡πÄ‡∏õ‡πá‡∏ô‡∏´‡∏°‡∏π‡∏ä‡∏≤‡∏ä‡∏π‡∏ã‡∏π‡∏ß‡∏µ‡∏ô‡∏∏‡πà‡∏°‡πÜ ‡∏Å‡∏¥‡∏ô‡πÄ‡∏™‡πâ‡∏ô‡∏´‡∏°‡∏î‡πÅ‡∏•‡πâ‡∏ß‡∏Å‡πá‡πÄ‡∏ï‡∏¥‡∏°‡∏ã‡∏∏‡∏õ wadashi‡πÄ‡∏û‡∏∑‡πà‡∏≠‡∏•‡∏î‡∏Ñ‡∏ß‡∏≤‡∏°‡πÄ‡∏Ç‡πâ‡∏°‡∏Ç‡πâ‡∏ô ‡∏ã‡∏î‡πÄ‡∏õ‡πá‡∏ô‡∏ã‡∏∏‡∏õ‡∏õ‡∏¥‡∏î‡∏ó‡πâ‡∏≤‡∏¢

‡πÑ‡∏°‡πà‡πÑ‡∏î‡πâ‡∏°‡∏≤‡∏Å‡∏¥‡∏ô‡∏ô‡∏≤‡∏ô ‡∏¢‡∏±‡∏á‡∏≠‡∏£‡πà‡∏≠‡∏¢‡πÄ‡∏´‡∏°‡∏∑‡∏≠‡∏ô‡πÄ‡∏î‡∏¥‡∏° ‡∏ã‡∏∂‡πÄ‡∏Ñ‡∏∞‡πÄ‡∏°‡πá‡∏á‡πÅ‡∏ö‡∏ö‡∏ô‡∏µ‡πâ‡πÄ‡∏Ñ‡πâ‡∏≤‡πÑ‡∏°‡πà‡∏ã‡∏î‡∏ã‡∏∏‡∏õ‡∏£‡∏∞‡∏´‡∏ß‡πà‡∏≤‡∏á‡∏à‡∏∏‡πà‡∏°‡πÄ‡∏™‡πâ‡∏ô‡∏Å‡∏±‡∏ô‡∏ô‡∏∞ ‡πÄ‡∏î‡∏µ‡πã‡∏¢‡∏ß‡πÑ‡∏ï‡∏à‡∏∞‡∏ß‡∏≤‡∏¢ ‡∏£‡∏≠‡πÄ‡∏ï‡∏¥‡∏° wadashi‡∏Å‡πà‡∏≠‡∏ô ‡πÅ‡∏ô‡∏∞‡∏ô‡∏≥‡πÉ‡∏´‡πâ‡∏£‡∏µ‡∏ö‡∏Å‡∏¥‡∏ô‡∏ï‡∏≠‡∏ô‡∏ã‡∏∏‡∏õ‡∏¢‡∏±‡∏á‡∏£‡πâ‡∏≠‡∏ô‡πÜ ‡∏™‡∏π‡∏î‡πÄ‡∏™‡πâ‡∏ô‡∏£‡∏±‡∏ö‡∏Å‡∏•‡∏¥‡πà‡∏ô‡∏£‡∏™‡∏Ç‡∏≠‡∏á‡∏ô‡πâ‡∏≥‡∏ã‡∏∏‡∏õ ‡πÄ‡∏™‡πâ‡∏ô‡πÄ‡∏î‡πâ‡∏á‡πÜ‡πÅ‡∏ö‡∏ö‡∏ô‡∏µ‡πâ‡∏Ñ‡∏∑‡∏≠‡∏ó‡∏µ‡πÄ‡∏î‡πá‡∏î‡∏Ç‡∏≠‡∏á‡∏£‡∏≤‡πÄ‡∏°‡∏á‡∏≠‡∏£‡πà‡∏≠‡∏¢‡πÜ ‡∏û‡∏≠‡∏ó‡∏≥‡πÉ‡∏´‡πâ‡∏´‡∏≤‡∏¢‡∏Ñ‡∏¥‡∏î‡∏ñ‡∏∂‡∏á‡∏ç‡∏µ‡πà‡∏õ‡∏∏‡πà‡∏ô‡πÑ‡∏õ‡πÑ‡∏î‡πâ",5,HUNGRYJUG,https://www.wongnai.com/reviews/e6d227d281bf4335872ed574b89be55d
3,"‡∏£‡∏≤‡πÄ‡∏°‡∏á‡∏≠‡∏±‡∏ô‡∏î‡∏±‡∏ö1‡∏à‡∏≤‡∏Å‡∏ç‡∏µ‡πà‡∏õ‡∏∏‡πà‡∏ô
‡∏£‡∏≤‡∏Ñ‡∏≤‡∏ï‡πà‡∏≠‡∏´‡∏±‡∏ß: 501 - 1,000 ‡∏ö‡∏≤‡∏ó
Menya Itto ‡∏£‡πâ‡∏≤‡∏ô‡∏£‡∏≤‡πÄ‡∏°‡∏á‡∏ó‡∏µ‡πà‡πÑ‡∏î‡πâ‡∏≠‡∏±‡∏ô‡∏î‡∏±‡∏ö 1 ‡πÉ‡∏ô‡πÄ‡∏ß‡πá‡∏õ‡∏Ç‡∏≠‡∏á Tabelog‡∏ã‡∏∂‡πà‡∏á‡πÄ‡∏õ‡πá‡∏ô‡∏£‡πâ‡∏≤‡∏ô‡∏ó‡∏µ‡πà‡∏°‡∏µ‡∏ä‡∏∑‡πà‡∏≠‡πÄ‡∏™‡∏µ‡∏¢‡∏á‡∏°‡∏≤‡∏Å‡πÉ‡∏ô‡∏õ‡∏£‡∏∞‡πÄ‡∏ó‡∏®‡∏ç‡∏µ‡πà‡∏õ‡∏∏‡πà‡∏ô ‡∏™‡πà‡∏ß‡∏ô‡∏™‡∏≤‡∏Ç‡∏≤‡∏ó‡∏µ‡πà‡πÑ‡∏ó‡∏¢ ‡πÑ‡∏î‡πâ‡∏¢‡πâ‡∏≤‡∏¢‡∏à‡∏≤‡∏Å‡πÇ‡∏£‡∏á‡πÅ‡∏£‡∏°‡πÄ‡∏≠‡∏£‡∏≤‡∏ß‡∏±‡∏ì ‡∏°‡∏≤‡πÄ‡∏õ‡∏¥‡∏î‡∏ó‡∏µ‡πà Gaysorn Village ‡πÅ‡∏ó‡∏ô‡πÅ‡∏•‡πâ‡∏ß ‡∏£‡πâ‡∏≤‡∏ô‡πÉ‡∏´‡∏°‡πà‡∏à‡∏∞‡∏î‡∏π‡πÇ‡∏õ‡∏£‡πà‡∏á ‡πÇ‡∏•‡πà‡∏á‡∏™‡∏ö‡∏≤‡∏¢‡∏Å‡∏ß‡πà‡∏≤‡πÄ‡∏î‡∏¥‡∏° ‡πÄ‡∏°‡∏ô‡∏π‡∏ä‡∏∑‡πà‡∏≠‡∏î‡∏±‡∏á‡∏Ç‡∏≠‡∏á‡∏£‡πâ‡∏≤‡∏ô‡∏Å‡πá‡∏à‡∏∞‡πÄ‡∏õ‡πá‡∏ôTsukemen
Price : 500++
Location : Gaysorn Village
063 045 0236
‡πÄ‡∏°‡∏ô‡∏π‡πÅ‡∏ô‡∏∞‡∏ô‡∏≥
Coq au Vin Tsukemen(490) ‡∏™‡πà‡∏ß‡∏ô‡∏ï‡∏±‡∏ß‡πÄ‡∏õ‡πá‡∏ô‡∏Ñ‡∏ô‡∏ó‡∏µ‡πà‡∏ä‡∏≠‡∏öTsukemen ‡∏°‡∏≤‡∏Å ‡∏≠‡∏±‡∏ô‡∏ô‡∏µ‡πâ‡πÄ‡∏õ‡πá‡∏ô‡πÄ‡∏°‡∏ô‡∏π‡πÉ‡∏´‡∏°‡πà‡∏Ç‡∏≠‡∏á‡∏£‡πâ‡∏≤‡∏ô ‡∏£‡∏™‡∏ä‡∏≤‡∏ï‡∏¥‡πÑ‡∏°‡πà‡πÄ‡∏´‡∏°‡∏∑‡∏≠‡∏ô‡∏£‡∏≤‡πÄ‡∏°‡∏á‡∏ó‡∏µ‡πà‡πÄ‡∏Ñ‡∏¢‡∏ó‡∏≤‡∏ô‡∏°‡∏≤‡∏Å‡πà‡∏≠‡∏ô‡πÄ‡∏•‡∏¢ ‡πÄ‡∏´‡∏°‡∏∑‡∏≠‡∏ô‡πÄ‡∏õ‡πá‡∏ô‡∏Å‡∏≤‡∏£‡∏ú‡∏™‡∏°‡∏ú‡∏™‡∏≤‡∏ô‡∏Å‡∏±‡∏ô‡∏£‡∏∞‡∏´‡∏ß‡πà‡∏≤‡∏á‡∏ç‡∏µ‡πà‡∏õ‡∏∏‡πà‡∏ô‡πÅ‡∏•‡∏∞‡∏ù‡∏£‡∏±‡πà‡∏á‡πÄ‡∏®‡∏™ ‡∏ï‡∏±‡∏ß‡∏ô‡πâ‡∏≥‡∏ã‡∏∏‡∏õ‡∏à‡∏∞‡∏°‡∏µ‡∏Å‡∏≤‡∏£‡∏ú‡∏™‡∏°‡πÑ‡∏ß‡∏ô‡πå‡∏•‡∏á‡πÑ‡∏õ‡∏î‡πâ‡∏ß‡∏¢ ‡∏ó‡∏≥‡πÉ‡∏´‡πâ‡πÑ‡∏î‡πâ‡∏£‡∏™‡∏ä‡∏≤‡∏ï‡∏¥‡∏ó‡∏µ‡πà‡πÄ‡∏Ç‡πâ‡∏°‡∏Ç‡πâ‡∏ô ‡∏Ñ‡∏•‡πâ‡∏≤‡∏¢‡πÜ‡∏î‡∏∑‡πà‡∏°‡πÑ‡∏ß‡∏ô‡πå‡πÑ‡∏õ ‡∏ó‡∏≤‡∏ô‡∏≠‡∏≤‡∏´‡∏≤‡∏£‡πÑ‡∏õ ‡∏™‡πà‡∏ß‡∏ô‡∏ï‡∏±‡∏ß‡πÑ‡∏Å‡πà ‡∏à‡∏∞‡πÄ‡∏õ‡πá‡∏ô‡πÑ‡∏Å‡πà‡∏ï‡∏±‡∏ß‡∏ú‡∏π‡πâ ‡∏ã‡∏∂‡πà‡∏á‡πÄ‡∏ô‡∏∑‡πâ‡∏≠‡∏à‡∏∞‡∏°‡∏µ‡∏£‡∏™‡∏ä‡∏≤‡∏ï‡∏¥‡∏ó‡∏µ‡πà‡πÄ‡∏Ç‡πâ‡∏°‡∏Ç‡πâ‡∏ô‡πÅ‡∏•‡∏∞‡∏ô‡∏∏‡πà‡∏°‡∏´‡∏ô‡∏∂‡∏ö ‡∏£‡∏µ‡∏ö‡πÑ‡∏õ‡∏•‡∏≠‡∏á‡∏Å‡πà‡∏≠‡∏ô‡∏Ç‡∏≠‡∏á‡∏à‡∏∞‡∏´‡∏°‡∏î‡∏ô‡πâ‡∏≤
Gyutan Donburi (490) ‡∏Ç‡πâ‡∏≤‡∏ß‡∏´‡∏ô‡πâ‡∏≤‡∏•‡∏¥‡πâ‡∏ô‡∏ß‡∏±‡∏ß ‡∏•‡∏¥‡πâ‡∏ô‡∏ß‡∏±‡∏ß‡πÄ‡∏ô‡∏∑‡πâ‡∏≠‡∏ô‡∏∏‡πà‡∏°‡∏°‡∏≤‡∏Å ‡∏à‡∏∞‡∏°‡∏µ‡∏ó‡∏±‡πâ‡∏á‡∏™‡πà‡∏ß‡∏ô‡∏ó‡∏µ‡πà‡πÄ‡∏õ‡πá‡∏ô‡∏¢‡πà‡∏≤‡∏á ‡∏£‡∏°‡∏Ñ‡∏ß‡∏±‡∏ô ‡πÅ‡∏•‡∏∞‡∏ï‡∏∏‡πã‡∏ô ‡∏≠‡∏£‡πà‡∏≠‡∏¢‡∏ó‡∏±‡πâ‡∏á2‡πÅ‡∏ö‡∏ö ‡πÄ‡∏ß‡∏•‡∏≤‡∏ó‡∏≤‡∏ô‡πÉ‡∏´‡πâ‡∏à‡∏¥‡πâ‡∏°‡πÑ‡∏õ‡πÉ‡∏ô‡∏ã‡∏≠‡∏™‡πÑ‡∏Ç‡πà‡∏î‡∏≠‡∏á ‡∏à‡∏∞‡πÄ‡∏û‡∏¥‡πà‡∏°‡∏Ñ‡∏ß‡∏≤‡∏°‡∏°‡∏±‡∏ô‡πÜ ‡∏ô‡∏±‡∏ß‡πÜ‡πÄ‡∏Ç‡πâ‡∏≤‡πÑ‡∏õ‡∏≠‡∏µ‡∏Å ‡∏ï‡∏±‡∏î‡πÄ‡∏•‡∏µ‡πà‡∏¢‡∏ô‡∏î‡πâ‡∏ß‡∏¢‡∏ß‡∏≤‡∏ã‡∏≤‡∏ö‡∏¥‡∏ô‡∏¥‡∏î‡∏ô‡∏∂‡∏á ‡∏≠‡πà‡∏≤‡∏ô‡∏ï‡πà‡∏≠‡πÑ‡∏î‡πâ‡∏ó‡∏µ‡πà https://www.wongnai.com/reviews/8f7919c726e04f33862932653a431cf1?ref=ct",4,Finedine_hunter,https://www.wongnai.com/reviews/8f7919c726e04f33862932653a431cf1
4,"‡πÄ‡∏Ñ‡πá‡∏°‡∏ô‡∏≥ ‡∏£‡∏™‡∏ä‡∏≤‡∏ï‡∏¥‡πÅ‡∏õ‡∏•‡∏Å ‡πÄ‡∏Å‡∏µ‡πä‡∏¢‡∏ß‡∏ã‡πà‡∏≤‡∏î‡∏µ ‡∏ä‡∏≤‡πÄ‡∏Ç‡∏µ‡∏¢‡∏ß‡∏î‡∏µ‡∏°‡∏µ‡πÅ‡∏°‡∏•‡∏á‡πÉ‡∏ô‡πÅ‡∏Å‡πâ‡∏ß‡∏î‡πâ‡∏ß‡∏¢ ‡∏™‡∏∞‡∏î‡∏∏‡∏î‡∏û‡∏≠‡∏™‡∏°‡∏Ñ‡∏ß‡∏£ ‡πÅ‡∏û‡∏á‡πÑ‡∏õ‡∏´‡∏ô‡πà‡∏≠‡∏¢
‡∏£‡∏≤‡∏Ñ‡∏≤‡∏ï‡πà‡∏≠‡∏´‡∏±‡∏ß: 251 - 500 ‡∏ö‡∏≤‡∏ó
‡πÄ‡∏Å‡∏£‡∏¥‡πà‡∏ô‡∏Å‡πà‡∏≠‡∏ô ‡∏Ñ‡∏∑‡∏≠ ‡∏´‡∏¥‡∏ß‡∏°‡∏≤‡∏Å‡∏Å ‡πÅ‡∏•‡πâ‡∏ß‡πÄ‡∏õ‡πá‡∏ô‡∏™‡∏≤‡∏¢‡πÄ‡∏ï‡∏µ‡πã‡∏¢‡∏ß‡πÇ‡∏î‡∏¢‡πÄ‡∏â‡∏û‡∏≤‡∏∞
‡πÄ‡∏ß‡∏•‡∏≤‡∏Ñ‡∏ô‡∏´‡∏¥‡∏ß‡πÜ‡∏Å‡∏¥‡∏ô‡∏≠‡∏∞‡πÑ‡∏£‡∏Å‡πá‡∏ô‡πà‡∏≤‡∏à‡∏∞‡∏≠‡∏£‡πà‡∏≠‡∏¢

‡πÄ‡∏°‡∏ô‡∏π‡∏ó‡∏µ‡πà‡∏£‡πâ‡∏≤‡∏ô‡∏°‡∏µ‡πÑ‡∏°‡πà‡πÄ‡∏¢‡∏≠‡∏∞ ‡πÅ‡∏ï‡πà‡∏Ñ‡∏¥‡∏î‡πÑ‡∏ß‡πâ‡∏ß‡πà‡∏≤‡∏ô‡πà‡∏≤‡∏à‡∏∞ ‡∏ß‡πâ‡∏≤‡∏ß!
‡πÄ‡∏≠‡∏¥‡πà‡∏°..‡∏Å‡πá‡∏ß‡πâ‡∏≤‡∏ß! ‡∏à‡∏£‡∏¥‡∏á‡∏ï‡∏±‡πâ‡∏á‡πÅ‡∏ï‡πà‡∏Ñ‡∏≥‡πÅ‡∏£‡∏Å ‡πÅ‡∏ï‡πà‡∏ï‡∏£‡∏á‡∏Å‡∏±‡∏ô‡∏Ç‡πâ‡∏≤‡∏° -*-

‡∏Ñ‡∏∑‡∏≠‡πÄ‡∏™‡πâ‡∏ô‡πÄ‡∏´‡∏ô‡∏µ‡∏¢‡∏ß ‡∏´‡∏ô‡∏≤ ‡πÄ‡∏Ñ‡∏µ‡πâ‡∏¢‡∏ß‡πÅ‡∏•‡πâ‡∏ß‡∏Ñ‡∏•‡πâ‡∏≤‡∏¢‡πÄ‡∏™‡πâ‡∏ô‡∏¢‡∏≤‡∏Å‡∏¥‡πÇ‡∏ã‡∏ö‡∏∞ ‡∏û‡∏≠‡∏Å‡∏¥‡∏ô‡πÑ‡∏î‡πâ..
‡πÄ‡∏™‡πâ‡∏ô‡πÅ‡∏ö‡∏ô‡πÜ‡πÅ‡∏ö‡∏ö‡∏´‡∏°‡∏µ‡πà‡πÄ‡∏õ‡πä‡∏≤‡∏∞‡∏Å‡πá‡πÄ‡∏´‡∏°‡∏∑‡∏≠‡∏ô‡∏à‡∏∞‡∏î‡∏µ ‡∏≠‡∏¢‡∏π‡πà‡πÉ‡∏ô‡∏ã‡∏∏‡∏õ‡πÅ‡∏ö‡∏ö‡∏£‡∏≤‡∏î‡∏´‡∏ô‡πâ‡∏≤‡πÄ‡∏´‡∏ô‡∏µ‡∏¢‡∏ß‡πÜ ‡∏£‡∏™‡∏ä‡∏≤‡∏ï‡∏¥‡πÅ‡∏õ‡∏•‡∏Å‡∏Å‡∏Å ‡πÄ‡∏Ñ‡πá‡∏°‡∏ô‡∏≥ ‡πÄ‡∏ï‡∏¥‡∏°‡∏ã‡∏∏‡∏õ‡πÑ‡∏î‡πâ‡∏ü‡∏£‡∏µ ‡πÅ‡∏ï‡πà‡πÄ‡∏ï‡∏¥‡∏°‡πÅ‡∏•‡πâ‡∏ß‡∏à‡∏∑‡∏î‡πÄ‡∏•‡∏¢ ‡∏£‡∏™‡∏ä‡∏≤‡∏ï‡∏¥‡∏¢‡∏±‡∏á‡πÅ‡∏õ‡∏•‡∏Å‡∏≠‡∏¢‡∏π‡πà‡∏î‡∏µ ‡πÄ‡∏ô‡∏∑‡πâ‡∏≠‡∏ä‡∏¥‡πâ‡∏ô‡πÉ‡∏´‡∏ç‡πà‡πÉ‡∏´‡πâ‡∏™‡∏°‡∏£‡∏≤‡∏Ñ‡∏≤‡πÅ‡∏ï‡πà‡∏à‡∏∑‡∏î

‡∏Ç‡πâ‡∏≤‡∏ß‡∏ä‡∏≤‡∏ä‡∏π ‡∏´‡∏ô‡πâ‡∏≤‡∏ï‡∏≤‡∏î‡∏π‡∏î‡∏µ ‡πÅ‡∏ï‡πà‡∏£‡∏™‡∏ä‡∏≤‡∏ï‡∏¥‡πÑ‡∏°‡πà‡∏ñ‡∏∂‡∏á ‡πÄ‡∏´‡∏°‡∏∑‡∏≠‡∏ô‡∏´‡∏°‡∏±‡∏Å‡πÑ‡∏°‡πà‡πÄ‡∏Ç‡πâ‡∏≤‡πÄ‡∏ô‡∏∑‡πâ‡∏≠

‡∏Ç‡∏ô‡∏°‡∏´‡∏ß‡∏≤‡∏ô ‡∏ô‡πâ‡∏≥‡∏ï‡∏≤‡∏•‡∏´‡∏ô‡∏≤‡πÑ‡∏õ‡∏´‡∏ô‡πà‡∏≠‡∏¢‡πÄ‡∏•‡∏¢‡πÅ‡∏Ç‡πá‡∏á ‡∏™‡πà‡∏ß‡∏ô‡∏ã‡∏≠‡∏™‡∏î‡πâ‡∏≤‡∏ô‡πÉ‡∏ô‡∏´‡∏ß‡∏≤‡∏ô‡πÄ‡∏Å‡∏¥‡∏ô‡πÑ‡∏õ

‡∏ô‡πâ‡∏≥‡∏ä‡∏≤‡πÄ‡∏Ç‡∏µ‡∏¢‡∏ß ‡∏ä‡∏≤‡∏î‡∏µ‡∏ä‡∏≤‡πÅ‡∏ö‡∏ö‡∏≠‡∏≠‡∏Å‡∏Ç‡∏°‡πÜ‡∏´‡∏ô‡πà‡∏≠‡∏¢ ‡πÅ‡∏ï‡πà‡∏Ñ‡∏ß‡∏≤‡∏°‡∏™‡∏∞‡∏≠‡∏≤‡∏î‡πÑ‡∏°‡πà‡∏Ñ‡πà‡∏≠‡∏¢
‡πÄ‡∏û‡∏£‡∏≤‡∏∞‡πÄ‡∏à‡∏≠‡πÅ‡∏°‡∏•‡∏á‡πÉ‡∏ô‡πÅ‡∏Å‡πâ‡∏ß‡∏Ñ‡πà‡∏∞ ‡∏î‡∏µ‡∏ô‡∏∞‡πÄ‡∏à‡∏≠‡∏ï‡∏≠‡∏ô‡∏ó‡∏≤‡∏ô‡πÄ‡∏™‡∏£‡πá‡∏à‡πÅ‡∏•‡πâ‡∏ß

‡πÑ‡∏°‡πà‡∏á‡∏±‡πâ‡∏ô‡πÑ‡∏î‡πâ‡∏≠‡πâ‡∏ß‡∏Å‡πÅ‡∏ô‡πà‡πÜ ‡∏ö‡∏≠‡∏Å‡∏û‡∏ô‡∏±‡∏Å‡∏á‡∏≤‡∏ô‡πÜ‡∏Å‡πá‡πÅ‡∏Ñ‡πà‡πÄ‡∏õ‡∏•‡∏µ‡πà‡∏¢‡∏ô‡∏°‡∏≤‡πÉ‡∏´‡πâ ‡πÅ‡∏•‡πâ‡∏ß‡∏ö‡∏≠‡∏Å‡∏ß‡πà‡∏≤ ‡πÅ‡∏°‡∏•‡∏á‡∏≠‡∏≤‡∏à‡∏à‡∏∞‡∏ö‡∏¥‡∏ô‡∏°‡∏≤‡∏ï‡∏Å‡∏•‡∏á‡∏ï‡∏≠‡∏ô‡∏Ñ‡∏∏‡∏ì‡∏•‡∏π‡∏Å‡∏Ñ‡πâ‡∏≤‡∏ó‡∏≤‡∏ô‡∏≠‡∏≤‡∏´‡∏≤‡∏£ ‡∏´‡πä‡∏∞!! (‡πÄ‡∏´‡∏°‡∏∑‡∏≠‡∏ô‡∏ß‡πà‡∏≤‡∏ä‡∏±‡πâ‡∏ô‡∏ú‡∏¥‡∏î‡∏ó‡∏µ‡πà‡πÄ‡∏à‡∏≠) ‡πÄ‡∏£‡∏¥‡πà‡∏î!!

‡∏™‡πà‡∏ß‡∏ô‡∏ï‡∏±‡∏ß‡∏Ñ‡∏¥‡∏î‡∏ß‡πà‡∏≤‡∏£‡∏≤‡∏Ñ‡∏≤‡∏Ñ‡πà‡∏≠‡∏ô‡∏Ç‡πâ‡∏≤‡∏á‡∏™‡∏π‡∏á‡πÄ‡∏Å‡∏¥‡∏ô‡∏Ñ‡∏∏‡∏ì‡∏†‡∏≤‡∏û

‡∏™‡∏∏‡∏î‡∏ó‡πâ‡∏≤‡∏¢‡∏Å‡πá‡∏ó‡∏ô‡∏Å‡∏¥‡∏ô ‡πÄ‡∏û‡∏£‡∏≤‡∏∞‡∏´‡∏¥‡∏ß‡∏°‡∏≤‡∏Å‡πÜ ‡∏≠‡∏∏‡∏ï‡∏™‡πà‡∏≤‡∏´‡πå‡πÄ‡∏î‡∏¥‡∏ô‡∏°‡∏≤‡πÑ‡∏Å‡∏• ‡∏ú‡∏¥‡∏î‡∏´‡∏ß‡∏±‡∏á",1,muJoyce,https://www.wongnai.com/reviews/d1d31098834f41d28d53e239325e90ef
5,"‡∏£‡∏≤‡πÄ‡∏°‡∏ô‡∏£‡πâ‡∏≤‡∏ô‡∏î‡∏±‡∏á ‡∏Å‡∏±‡∏ö‡πÄ‡∏Å‡∏µ‡πä‡∏¢‡∏ß‡∏ã‡πà‡∏≤‡∏≠‡∏£‡πà‡∏≠‡∏¢‡πÜ
‡∏£‡∏≤‡∏Ñ‡∏≤‡∏ï‡πà‡∏≠‡∏´‡∏±‡∏ß: 251 - 500 ‡∏ö‡∏≤‡∏ó
‡πÄ‡∏°‡∏ô‡∏π‡πÄ‡∏î‡πá‡∏î: Gyoza, ‡πÑ‡∏Ç‡πà‡∏°‡∏∞‡∏ï‡∏π‡∏°, Chashu Itto Tsukemen 350‡∏ø, Shio Ramen
‡∏ß‡∏±‡∏ô‡∏Å‡πà‡∏≠‡∏ô‡πÑ‡∏õ‡∏ò‡∏∏‡∏£‡∏∞‡∏ó‡∏µ‡πà‡πÄ‡∏Å‡∏©‡∏£ ‡∏Å‡πá‡πÄ‡∏•‡∏¢‡πÅ‡∏ß‡∏∞‡∏ó‡∏≤‡∏ô‡∏£‡∏≤‡πÄ‡∏°‡∏ô‡∏£‡πâ‡∏≤‡∏ô‡∏î‡∏±‡∏á Menya Itto ‡∏ã‡∏∞‡∏´‡∏ô‡πà‡∏≠‡∏¢

‡πÄ‡∏£‡∏≤‡πÑ‡∏°‡πà‡πÉ‡∏ä‡πà‡∏™‡∏≤‡∏¢‡∏£‡∏≤‡πÄ‡∏°‡∏ô‡∏Ñ‡πà‡∏∞ (‡πÑ‡∏°‡πà‡∏Ñ‡πà‡∏≠‡∏¢‡∏ä‡∏≠‡∏ö‡∏Å‡∏¥‡∏ô‡∏Å‡πã‡∏ß‡∏¢‡πÄ‡∏ï‡∏µ‡πã‡∏¢‡∏ß‡∏≠‡∏¢‡∏π‡πà‡πÅ‡∏•‡πâ‡∏ß ‡πÅ‡∏•‡∏∞‡∏£‡∏≤‡πÄ‡∏°‡∏ô‡∏°‡∏±‡∏Å‡∏à‡∏∞‡∏°‡∏µ‡πÅ‡∏ï‡πà‡πÅ‡∏õ‡πâ‡∏á) ‡πÅ‡∏ï‡πà‡∏ô‡∏≤‡∏ô‡πÜ‡∏Å‡∏¥‡∏ô‡∏ó‡∏µ‡∏Å‡πá‡πÇ‡∏≠‡πÄ‡∏Ñ

‡πÄ‡∏£‡∏≤‡∏™‡∏±‡πà‡∏á shio ramen ‡πÅ‡∏•‡∏∞‡πÉ‡∏´‡πâ‡πÄ‡∏Ñ‡πâ‡∏≤‡∏•‡∏î‡πÄ‡∏Ñ‡πá‡∏°‡πÉ‡∏´‡πâ‡∏î‡πâ‡∏ß‡∏¢‡∏Ñ‡πà‡∏∞ ‡∏ô‡πâ‡∏≥‡∏ã‡∏∏‡∏õ‡∏ó‡∏µ‡πà‡∏ã‡∏î‡πÑ‡∏õ‡∏Ñ‡∏≥‡πÅ‡∏£‡∏Å‡∏Ñ‡∏∑‡∏≠‡∏≠‡∏£‡πà‡∏≠‡∏¢‡∏°‡∏≤‡∏Å‡πÄ‡∏•‡∏¢ ‡∏´‡∏≠‡∏° ‡πÅ‡∏•‡∏∞‡∏£‡∏™‡∏ä‡∏≤‡∏ï‡∏¥‡∏Å‡∏≥‡∏•‡∏±‡∏á‡∏î‡∏µ ‡πÄ‡∏™‡πâ‡∏ô‡∏Å‡πá‡∏Å‡∏≥‡∏•‡∏±‡∏á‡∏î‡∏µ‡πÄ‡∏•‡∏¢‡∏Ñ‡πà‡∏∞ ‡πÅ‡∏•‡∏∞‡∏ä‡∏≤‡∏ä‡∏π‡∏ó‡∏µ‡πà‡∏ô‡∏µ‡πà‡∏°‡∏±‡∏ô‡∏ô‡πâ‡∏≠‡∏¢‡∏Å‡∏ß‡πà‡∏≤‡∏ó‡∏µ‡πà‡∏≠‡∏∑‡πà‡∏ô ‡πÅ‡∏•‡∏∞‡∏¢‡∏±‡∏á‡∏°‡∏µ‡∏≠‡∏Å‡πÑ‡∏Å‡πà‡∏≠‡∏µ‡∏Å ‡πÄ‡∏•‡∏¢‡πÄ‡∏´‡∏°‡∏∑‡∏≠‡∏ô‡∏ß‡πà‡∏≤‡∏à‡∏∞‡πÄ‡∏õ‡πá‡∏ô‡∏£‡∏≤‡πÄ‡∏°‡∏ô‡∏ó‡∏µ‡πà ‡πÑ‡∏°‡πà unhealthy ‡πÄ‡∏ó‡πà‡∏≤‡πÑ‡∏´‡∏£‡πà‡∏ô‡∏∞

‡∏™‡πà‡∏ß‡∏ô‡∏Ñ‡∏∏‡∏ì‡∏ô‡∏≤‡∏¢‡∏™‡∏±‡πà‡∏á tsukemen ‡πÄ‡∏°‡∏ô‡∏π‡πÄ‡∏î‡πá‡∏î‡∏Ç‡∏≠‡∏á‡∏£‡πâ‡∏≤‡∏ô ‡∏ô‡∏≤‡∏á‡∏ß‡πà‡∏≤‡∏≠‡∏£‡πà‡∏≠‡∏¢ ‡πÅ‡∏ï‡πà‡πÄ‡∏£‡∏≤‡∏•‡∏≠‡∏á‡∏ä‡∏¥‡∏°‡πÅ‡∏•‡πâ‡∏ß‡πÄ‡∏£‡∏≤‡∏ß‡πà‡∏≤‡πÄ‡∏Ñ‡πá‡∏°‡πÑ‡∏õ‡∏°‡∏≤‡∏Å ‡∏ô‡πâ‡∏≥‡∏ã‡∏∏‡∏õ‡∏à‡∏∞‡∏Ç‡πâ‡∏ô‡πÜ ‡πÅ‡∏•‡∏∞‡πÄ‡∏™‡πâ‡∏ô‡∏≠‡∏ß‡∏ö‡πÜ ‡πÄ‡∏£‡∏≤‡∏ß‡πà‡∏≤‡∏Å‡∏¥‡∏ô‡πÅ‡∏•‡πâ‡∏ß‡∏Ñ‡∏•‡πâ‡∏≤‡∏¢‡πÜ‡∏Ç‡∏ô‡∏°‡∏à‡∏µ‡∏ô‡πÑ‡∏´‡∏´‡∏•‡∏≥‡∏≠‡∏¢‡∏π‡πà‡πÄ‡∏´‡∏°‡∏∑‡∏≠‡∏ô‡∏Å‡∏±‡∏ô‡∏ô‡∏∞‡∏Ñ‡∏∞

‡∏™‡πà‡∏ß‡∏ô‡πÄ‡∏Å‡∏µ‡πä‡∏¢‡∏ß‡∏ã‡πà‡∏≤ ‡∏î‡∏µ‡∏á‡∏≤‡∏°‡∏ï‡∏≤‡∏°‡∏£‡∏µ‡∏ß‡∏¥‡∏ß‡∏à‡∏£‡∏¥‡∏á‡πÜ ‡πÅ‡∏õ‡πâ‡∏á‡∏ö‡∏≤‡∏á‡πÅ‡∏•‡∏∞‡πÑ‡∏™‡πâ‡∏â‡πà‡∏≥‡πÜ ‡∏î‡∏µ‡∏°‡∏≤‡∏Å‡πÄ‡∏•‡∏¢‡∏Ñ‡πà‡∏∞

@menyaittobkk gaysorn tower
~ 400-500",4,Jazzyrain,https://www.wongnai.com/reviews/06afd4ef6ea94ac6a408c418a40a844d
6,"The Best Tsukemen in Bangkok (‡∏û‡∏Ñ 2022 ‡∏¢‡πâ‡∏≤‡∏¢‡∏°‡∏≤ Gaysorn ‡∏ä‡∏±‡πà‡∏ß‡∏Ñ‡∏£‡∏≤‡∏ß)
‡∏£‡∏≤‡∏Ñ‡∏≤‡∏ï‡πà‡∏≠‡∏´‡∏±‡∏ß: 251 - 500 ‡∏ö‡∏≤‡∏ó
‡πÄ‡∏°‡∏ô‡∏π‡πÄ‡∏î‡πá‡∏î: Chashu Itto Tsukemen
‡πÄ‡∏ß‡∏•‡∏≤‡∏≠‡∏¢‡∏≤‡∏Å‡∏Å‡∏¥‡∏ô Tsukemen ‡∏ó‡∏µ‡πà‡∏î‡∏µ‡πÉ‡∏ô‡∏Å‡∏£‡∏∏‡∏á‡πÄ‡∏ó‡∏û ‡∏£‡πâ‡∏≤‡∏ô‡∏ô‡∏µ‡πâ‡∏à‡∏∞‡πÄ‡∏õ‡πá‡∏ô‡∏£‡πâ‡∏≤‡∏ô‡∏ó‡∏µ‡πà‡∏ô‡∏∂‡∏Å‡∏ñ‡∏∂‡∏á‡πÄ‡∏™‡∏°‡∏≠ ‡∏™‡∏±‡πà‡∏á‡πÄ‡∏°‡∏ô‡∏π‡∏õ‡∏£‡∏∞‡∏à‡∏≥ Chashu Itto Tsukemen ‡∏à‡∏∞‡πÑ‡∏î‡πâ‡∏ö‡∏∞‡∏´‡∏°‡∏µ‡πà‡πÄ‡∏¢‡πá‡∏ô ‡∏û‡∏£‡πâ‡∏≠‡∏°‡πÄ‡∏ô‡∏∑‡πâ‡∏≠ 3 ‡πÅ‡∏ö‡∏ö‡∏Å‡∏±‡∏ö‡∏ô‡πâ‡∏≥‡∏ã‡∏∏‡∏õ‡∏£‡πâ‡∏≠‡∏ô‡πÅ‡∏¢‡∏Å‡∏Å‡∏±‡∏ô‡∏≠‡∏µ‡∏Å‡∏ñ‡πâ‡∏ß‡∏¢

‡∏ß‡∏¥‡∏ò‡∏µ‡∏ó‡∏≤‡∏ô‡∏Ñ‡∏∑‡∏≠‡πÄ‡∏≠‡∏≤‡∏ö‡∏∞‡∏´‡∏°‡∏µ‡πà‡πÄ‡∏¢‡πá‡∏ô‡πÑ‡∏õ‡∏à‡∏∏‡πà‡∏°‡∏ô‡πâ‡∏≥‡∏£‡πâ‡∏≠‡∏ô ‡πÅ‡∏•‡πâ‡∏ß‡∏ï‡∏≤‡∏°‡∏î‡πâ‡∏ß‡∏¢‡∏ó‡πá‡∏≠‡∏õ‡∏õ‡∏¥‡πâ‡∏á‡∏à‡∏∏‡πà‡∏°‡πÉ‡∏ô‡∏£‡∏≠‡∏ö‡∏ï‡πà‡∏≠‡πÑ‡∏õ ‡πÅ‡∏•‡πâ‡∏ß‡∏Å‡πá‡∏ó‡∏≤‡∏ô‡∏™‡∏•‡∏±‡∏ö‡πÑ‡∏õ‡∏°‡∏≤ ‡πÄ‡∏õ‡πá‡∏ô‡πÄ‡∏≠‡∏Å‡∏•‡∏±‡∏Å‡∏©‡∏ì‡∏∞‡∏Ç‡∏≠‡∏á‡∏£‡∏≤‡πÄ‡∏°‡∏ô‡∏õ‡∏£‡∏∞‡πÄ‡∏†‡∏ó‡∏ô‡∏µ‡πâ

‡∏õ‡∏Å‡∏ï‡∏¥‡∏£‡πâ‡∏≤‡∏ô‡∏à‡∏∞‡∏≠‡∏¢‡∏π‡πà‡∏ó‡∏µ‡πà Erawan ‡πÅ‡∏ï‡πà‡∏ï‡∏≠‡∏ô‡∏ô‡∏µ‡πâ‡∏ó‡∏≤‡∏á‡∏´‡πâ‡∏≤‡∏á‡∏õ‡∏¥‡∏î‡∏£‡∏µ‡πÇ‡∏ô‡πÄ‡∏ß‡∏ï‡∏ä‡∏±‡πà‡∏ß‡∏Ñ‡∏£‡∏≤‡∏ß ‡πÄ‡∏•‡∏¢‡∏¢‡πâ‡∏≤‡∏¢‡∏°‡∏≤‡∏≠‡∏¢‡∏π‡πà‡∏ó‡∏µ‡πà Gaysorn Tower ‡πÇ‡∏ã‡∏ô‡∏ï‡∏∂‡∏Å‡πÉ‡∏´‡∏°‡πà ‡∏ä‡∏±‡πâ‡∏ô 3 ‡∏ï‡∏£‡∏á‡∏Ç‡πâ‡∏≤‡∏° nabezo ‡∏Ñ‡∏£‡∏±‡∏ö",4,Veerayuth K.,https://www.wongnai.com/reviews/d4ec46bb4e7e4e259da43bcd1da7acaa
7,"‡∏£‡πâ‡∏≤‡∏ô‡∏£‡∏≤‡πÄ‡∏°‡∏ô‡∏≠‡∏£‡πà‡∏≠‡∏¢‡∏≠‡∏±‡∏ô‡∏î‡∏±‡∏ö‡∏ï‡πâ‡∏ô‡πÜ‡∏Ç‡∏≠‡∏á‡∏Å‡∏ó‡∏°
‡∏£‡∏≤‡∏Ñ‡∏≤‡∏ï‡πà‡∏≠‡∏´‡∏±‡∏ß: 251 - 500 ‡∏ö‡∏≤‡∏ó
‡πÄ‡∏°‡∏ô‡∏π‡πÄ‡∏î‡πá‡∏î: NokoGyokaiRamen, ChashuShioRamen, Chashu Noko Gyokai Ramen, ‡πÑ‡∏Ç‡πà‡∏°‡∏∞‡∏ï‡∏π‡∏°, ‡πÄ‡∏Å‡∏µ‡πä‡∏¢‡∏ß‡∏ã‡πà‡∏≤
‚ÄòMenya Itto‚Äô #‡∏Å‡∏£‡∏∏‡∏á‡πÄ‡∏ó‡∏û
‡πÅ‡∏°‡πâ‡πÉ‡∏ô‡∏ï‡∏∂‡∏Å‡πÄ‡∏≠‡∏£‡∏≤‡∏ß‡∏±‡∏ì‡∏à‡∏∞‡∏¢‡∏±‡∏á‡πÄ‡∏á‡∏µ‡∏¢‡∏ö‡πÜ ‡πÅ‡∏ï‡πà‡∏£‡∏≤‡πÄ‡∏°‡∏ô‡∏£‡πâ‡∏≤‡∏ô‡πÄ‡∏•‡πá‡∏Å‡πÜ‡∏£‡πâ‡∏≤‡∏ô‡∏ô‡∏∂‡∏á‡∏Å‡∏•‡∏±‡∏ö‡∏Ñ‡∏∂‡∏Å‡∏Ñ‡∏±‡∏Å‡πÑ‡∏î‡πâ‡∏ï‡∏•‡∏≠‡∏î

‡∏´‡∏ô‡∏∂‡πà‡∏á‡πÉ‡∏ô‡∏£‡πâ‡∏≤‡∏ô‡∏£‡∏≤‡πÄ‡∏°‡∏ô‡∏ó‡∏µ‡πà‡∏Ñ‡∏ô‡∏£‡∏±‡∏Å‡∏£‡∏≤‡πÄ‡∏°‡∏ô‡∏Ñ‡∏¥‡∏î‡∏ñ‡∏∂‡∏á ‡πÇ‡∏î‡∏¢‡πÄ‡∏â‡∏û‡∏≤‡∏∞ ‡∏™‡∏∂‡πÄ‡∏Ñ‡πÄ‡∏°‡∏ô
‡πÅ‡∏ñ‡∏°‡∏£‡πâ‡∏≤‡∏ô‡∏¢‡∏±‡∏á‡∏≠‡∏≠‡∏Å‡πÄ‡∏°‡∏ô‡∏π‡πÉ‡∏´‡∏°‡πà‡πÜ‡∏°‡∏≤‡πÉ‡∏´‡πâfc ‡∏•‡∏≠‡∏á‡∏ä‡∏¥‡∏°‡πÑ‡∏î‡πâ‡∏ï‡∏•‡∏≠‡∏î

‡∏ß‡∏±‡∏ô‡∏ô‡∏µ‡πâ‡πÑ‡∏õ‡∏•‡∏≠‡∏á‡πÄ‡∏°‡∏ô‡∏π‡∏û‡∏¥‡πÄ‡∏®‡∏©‡∏â‡∏•‡∏≠‡∏á‡∏ï‡∏£‡∏∏‡∏©‡∏à‡∏µ‡∏ô Awabi Tsukemen (690.-)
‡∏ó‡∏≤‡∏á‡∏£‡πâ‡∏≤‡∏ô‡∏ö‡∏≠‡∏Å‡∏ß‡πà‡∏≤‡πÄ‡∏°‡∏ô‡∏π‡πÑ‡∏î‡πâ‡πÅ‡∏£‡∏á‡∏ö‡∏±‡∏ô‡∏î‡∏≤‡∏•‡πÉ‡∏à‡∏à‡∏≤‡∏Å Pen Cai ‡∏ï‡∏≥‡∏£‡∏±‡∏ö‡∏Å‡∏ß‡∏≤‡∏á‡∏ï‡∏∏‡πâ‡∏á ‡∏ó‡∏µ‡πà‡πÄ‡∏≠‡∏≤‡πÄ‡∏õ‡πã‡∏≤‡∏Æ‡∏∑‡πâ‡∏≠‡∏Å‡∏±‡∏ö‡∏´‡∏≠‡∏¢‡πÄ‡∏ä‡∏•‡∏•‡πå‡∏î‡∏¥‡∏ö‡πÜ‡∏°‡∏≤‡πÑ‡∏ß‡πâ‡∏î‡πâ‡∏ß‡∏¢‡∏Å‡∏±‡∏ô ‡πÅ‡∏•‡πâ‡∏ß‡∏£‡∏≤‡∏î‡∏î‡πâ‡∏ß‡∏¢‡∏ï‡∏±‡∏ö‡πÄ‡∏õ‡πã‡∏≤‡∏Æ‡∏∑‡πâ‡∏≠ ‡∏¢‡∏∏‡∏ã‡∏∏‡πÅ‡∏•‡∏∞‡∏û‡∏£‡∏¥‡∏Å‡∏ã‡∏±‡∏ô‡πÇ‡∏ä ‡∏ô‡πà‡∏≤‡∏™‡∏ô‡πÉ‡∏à‡∏°‡∏≤‡∏Å‡πÜ

‡πÅ‡∏ñ‡∏°‡∏£‡∏≠‡∏ö‡∏ô‡∏µ‡πâ ‡∏ï‡∏±‡∏ß‡πÄ‡∏™‡πâ‡∏ô‡πÅ‡∏ö‡∏ö Hosomen ‡πÄ‡∏õ‡πá‡∏ô‡πÄ‡∏™‡πâ‡∏ô‡πÄ‡∏•‡πá‡∏Å‡πÄ‡∏£‡∏µ‡∏¢‡∏ß‡∏•‡∏á‡∏Å‡∏°‡∏≤‡πÑ‡∏î‡πâ‡∏û‡∏≠‡∏î‡∏µ‡∏°‡∏≤‡∏Å‡πÜ ‡πÄ‡∏Ç‡πâ‡∏≤‡∏Å‡∏±‡∏ô‡∏î‡∏µ‡∏Å‡∏±‡∏ö‡∏ã‡∏∏‡∏õ‡∏ó‡∏µ‡πà‡πÄ‡∏õ‡πá‡∏ô‡πÄ‡∏ö‡∏™‡πÑ‡∏Å‡πà‡πÑ‡∏û‡∏ï‡∏±‡∏ô ‡∏ú‡∏™‡∏°‡∏ß‡∏±‡∏ï‡∏ñ‡∏∏‡∏î‡∏¥‡∏ö‡∏ó‡∏∞‡πÄ‡∏•‡∏´‡∏•‡∏≤‡∏¢‡∏ä‡∏ô‡∏¥‡∏î ‡∏´‡∏≠‡∏¢‡πÄ‡∏õ‡πã‡∏≤‡∏Æ‡∏∑‡πâ‡∏≠ ‡πÇ‡∏Æ‡∏ï‡∏≤‡πÄ‡∏ï‡∏∞ ‡πÅ‡∏•‡∏∞‡∏Å‡∏∏‡πâ‡∏á ‡πÄ‡∏Ç‡πâ‡∏°‡∏Ç‡πâ‡∏ô‡∏°‡∏≤‡∏Å‡πÜ ‡πÅ‡∏ï‡πà‡πÄ‡∏Ñ‡πá‡∏°‡∏ô‡πâ‡∏≠‡∏¢‡∏Å‡∏ß‡πà‡∏≤‡∏ä‡∏≤‡∏°‡∏õ‡∏Å‡∏ï‡∏¥‡∏ô‡∏∞ ‡πÉ‡∏™‡πà‡πÇ‡∏Æ‡∏ï‡∏≤‡πÄ‡∏ï‡∏∞‡πÄ‡∏•‡πá‡∏Å‡∏°‡∏≤‡πÉ‡∏´‡πâ‡∏≠‡∏µ‡∏Å‡∏î‡πâ‡∏ß‡∏¢

‡∏≠‡∏µ‡∏Å‡∏ä‡∏≤‡∏°‡∏ó‡∏µ‡πà‡πÄ‡∏û‡∏¥‡πà‡∏á‡πÄ‡∏Ñ‡∏¢‡∏™‡∏±‡πà‡∏á ‡∏Ñ‡∏∑‡∏≠ Chashu Shio ramen (280.-) ‡∏ã‡∏∏‡∏õ‡πÄ‡∏ö‡∏™‡πÑ‡∏Å‡πà‡∏Å‡∏•‡∏¥‡πà‡∏ô‡∏ä‡∏±‡∏î‡πÜ ‡∏Ç‡πâ‡∏ô‡∏Å‡∏ß‡πà‡∏≤‡∏ó‡∏µ‡πà‡∏≠‡∏∑‡πà‡∏ô‡∏ô‡∏¥‡∏î‡∏ô‡∏∂‡∏á ‡∏ú‡∏™‡∏°‡∏ú‡∏™‡∏≤‡∏ô‡πÄ‡∏Å‡∏•‡∏∑‡∏≠‡∏ó‡∏∞‡πÄ‡∏• ‡πÄ‡∏™‡πâ‡∏ô‡πÄ‡∏•‡πá‡∏Å‡πÄ‡∏î‡πâ‡∏á ‡πÅ‡∏ü‡∏ô‡πÄ‡∏£‡∏≤‡∏ä‡∏≠‡∏ö‡∏°‡∏≤‡∏Å ‡∏™‡πà‡∏ß‡∏ô‡∏ï‡∏±‡∏ß‡πÑ‡∏°‡πà‡∏ä‡∏≠‡∏ö‡∏Å‡∏•‡∏¥‡πà‡∏ô‡∏ã‡∏∏‡∏õ‡πÑ‡∏Å‡πà‡∏ä‡∏±‡∏î‡πÜ ‡∏ä‡∏≠‡∏ö‡∏ó‡∏≤‡∏á‡πÉ‡∏™‡πÜ‡∏™‡∏î‡∏ä‡∏∑‡πà‡∏ô‡πÜ‡∏°‡∏≤‡∏Å‡∏Å‡∏ß‡πà‡∏≤ ‡πÅ‡∏ï‡πà‡∏ñ‡∏∑‡∏≠‡∏ß‡πà‡∏≤‡πÄ‡∏õ‡πá‡∏ô‡∏ä‡∏≤‡∏°‡∏≠‡∏£‡πà‡∏≠‡∏¢‡∏Ç‡∏≠‡∏á‡∏´‡∏•‡∏≤‡∏¢‡∏Ñ‡∏ô‡πÄ‡∏•‡∏¢‡∏ô‡∏∞

‡πÄ‡∏Å‡∏µ‡πä‡∏¢‡∏ß‡∏ã‡πà‡∏≤ ‡∏¢‡∏±‡∏á‡∏Ñ‡∏á‡∏Ñ‡∏£‡∏≠‡∏á‡πÉ‡∏à‡πÄ‡∏£‡∏≤ ‡πÅ‡∏°‡πâ‡πÑ‡∏°‡πà‡∏ä‡∏≠‡∏ö‡∏ô‡πâ‡∏≥‡∏à‡∏¥‡πâ‡∏°‡πÄ‡∏Ñ‡πá‡∏°‡πÇ‡∏î‡∏î‡πÅ‡∏ö‡∏ö‡∏ô‡∏µ‡πâ ‡πÅ‡∏ï‡πà‡πÄ‡∏Å‡∏µ‡πä‡∏¢‡∏ß‡∏ã‡πà‡∏≤‡∏≠‡∏£‡πà‡∏≠‡∏¢‡∏°‡∏≤‡∏Å ‡∏à‡∏ô‡πÑ‡∏°‡πà‡∏ï‡πâ‡∏≠‡∏á‡∏à‡∏¥‡πâ‡∏°‡∏°‡∏≤‡∏Å‡πÄ‡∏•‡∏¢ ‡πÅ‡∏õ‡πâ‡∏á‡∏ö‡∏≤‡∏á‡πÄ‡∏´‡∏ô‡∏µ‡∏¢‡∏ß‡πÄ‡∏î‡πâ‡∏á ‡πÑ‡∏™‡πâ‡∏´‡∏≠‡∏°‡∏ï‡πâ‡∏ô‡∏´‡∏≠‡∏° ‡∏£‡∏™‡∏ä‡∏≤‡∏ï‡∏¥‡∏î‡∏µ ‡∏ó‡∏≠‡∏î‡∏°‡∏≤‡∏Å‡∏£‡∏≠‡∏ö‡∏ô‡∏¥‡∏î‡πÜ ‡∏û‡∏≠‡∏î‡∏µ‡∏Ñ‡∏≥ ‡∏ä‡∏≠‡∏ö‡∏°‡∏≤‡∏Å‡πÜ ‡∏ï‡πâ‡∏≠‡∏á‡∏™‡∏±‡πà‡∏á‡∏ó‡∏∏‡∏Å‡∏ó‡∏µ‡πÑ‡∏õ

‡πÄ‡∏õ‡∏¥‡∏î11.30-21.00‡∏ô. ‡∏ó‡∏∏‡∏Å‡∏ß‡∏±‡∏ô
‡∏™‡∏≤‡∏°‡∏≤‡∏£‡∏ñ‡∏à‡∏≠‡∏á‡πÇ‡∏ï‡πä‡∏∞‡πÜ‡∏î‡πâ‡πÉ‡∏ôappChope ‡∏•‡πà‡∏ß‡∏á‡∏´‡∏ô‡πâ‡∏≤‡∏≠‡∏¢‡πà‡∏≤‡∏á‡∏ô‡πâ‡∏≠‡∏¢ 1 ‡∏ß‡∏±‡∏ô

‡πÇ‡∏ó‡∏£‡∏à‡∏≠‡∏á‡πÄ‡∏°‡∏ô‡∏π‡∏û‡∏¥‡πÄ‡∏®‡∏©‡∏•‡πà‡∏ß‡∏á‡∏´‡∏ô‡πâ‡∏≤‡πÑ‡∏î‡πâ ‡πÄ‡∏£‡∏≤‡πÇ‡∏ó‡∏£‡∏ä‡πà‡∏ß‡∏á 11.00‡∏ô. ‡∏ß‡∏±‡∏ô‡∏ó‡∏µ‡πà‡∏à‡∏∞‡πÑ‡∏õ‡∏Å‡∏¥‡∏ô‡∏ï‡∏•‡∏≠‡∏î ",5,TastewithP,https://www.wongnai.com/reviews/95ac962a4fae4c41a2a0063da9a55443
8,"‡∏£‡∏≤‡πÄ‡∏°‡∏ô‡∏£‡πâ‡∏≤‡∏ô‡∏î‡∏±‡∏á‡∏à‡∏≤‡∏Å‡πÇ‡∏ï‡πÄ‡∏Å‡∏µ‡∏¢‡∏ß
‡∏£‡∏≤‡∏Ñ‡∏≤‡∏ï‡πà‡∏≠‡∏´‡∏±‡∏ß: 251 - 500 ‡∏ö‡∏≤‡∏ó
‡πÄ‡∏°‡∏ô‡∏π‡πÄ‡∏î‡πá‡∏î: Chashu Rice, Clam Shoyu Ramen with Blackmore Wagyu MBS9+
‡∏à‡∏≥‡πÑ‡∏î‡πâ‡∏ß‡πà‡∏≤‡∏ï‡∏≠‡∏ô‡∏£‡πâ‡∏≤‡∏ô‡πÄ‡∏õ‡∏¥‡∏î‡πÉ‡∏´‡∏°‡πà‡πÜ ‡∏ï‡∏£‡∏á‡∏£‡∏≠‡∏Ñ‡∏¥‡∏ß‡∏ô‡∏≤‡∏ô‡∏°‡∏≤‡∏Å‡∏ó‡∏µ‡πÄ‡∏î‡∏µ‡∏¢‡∏ß ‡πÄ‡∏°‡∏ô‡∏π signature ‡∏Ç‡∏≠‡∏á‡∏ó‡∏≤‡∏á‡∏£‡πâ‡∏≤‡∏ô‡∏ï‡πâ‡∏≠‡∏á‡πÄ‡∏õ‡πá‡∏ô Tsukemen ‡∏£‡∏≤‡πÄ‡∏°‡∏ô‡πÄ‡∏™‡πâ‡∏ô‡πÄ‡∏¢‡πá‡∏ô‡πÄ‡∏™‡∏£‡∏¥‡∏ü‡πå‡πÅ‡∏¢‡∏Å‡∏°‡∏≤‡∏Å‡∏±‡∏ö‡∏ô‡πâ‡∏≥‡∏ã‡∏∏‡∏õ‡∏£‡πâ‡∏≠‡∏ô ‡∏ï‡∏≠‡∏ô‡πÅ‡∏£‡∏Å‡∏Å‡πá‡∏ß‡πà‡∏≤‡∏à‡∏∞‡∏™‡∏±‡πà‡∏á ‡πÅ‡∏ï‡πà‡∏û‡∏≠‡πÄ‡∏´‡πá‡∏ô‡πÄ‡∏°‡∏ô‡∏π‡∏£‡∏≤‡πÄ‡∏°‡∏ô‡∏ß‡∏≤‡∏Å‡∏¥‡∏ß ‡πÄ‡∏£‡∏≤‡∏Å‡πá‡πÅ‡∏û‡πâ‡∏ó‡∏≤‡∏á‡πÄ‡∏•‡∏¢‡∏ó‡∏±‡∏ô‡∏ó‡∏µ‡πÄ‡∏õ‡∏•‡∏µ‡πà‡∏¢‡∏ô‡πÉ‡∏à ‡∏Ç‡∏≠‡∏™‡∏±‡πà‡∏á‡πÄ‡∏•‡∏¢ Clam Shoyu Ramen with Blackmore Wagyu MBS9+ (395) ‡∏£‡∏≤‡πÄ‡∏°‡∏ô‡πÉ‡∏ô‡∏ô‡πâ‡∏≥‡∏ã‡∏∏‡∏õ‡πÑ‡∏Å‡πà+‡∏´‡∏°‡∏π +‡∏´‡∏≠‡∏¢‡∏ñ‡∏∂‡∏á 3 ‡∏≠‡∏¢‡πà‡∏≤‡∏á Asari, Hamaguri ‡πÅ‡∏•‡∏∞ Shijimi clams ‡∏ô‡πâ‡∏≥‡∏°‡∏±‡∏ô‡∏™‡∏Å‡∏±‡∏î‡πÄ‡∏´‡πá‡∏î‡∏û‡∏≠‡∏£‡πå‡∏ä‡∏¥‡∏ô‡∏µ‡πà‡πÅ‡∏•‡∏∞‡πÇ‡∏ä‡∏¢‡∏∏‡∏ó‡∏µ‡πà‡∏ú‡πà‡∏≤‡∏ô‡∏Å‡∏≤‡∏£‡∏ö‡πà‡∏°‡∏£‡∏™‡∏ä‡∏≤‡∏ï‡∏¥‡∏≠‡∏¢‡∏π‡πà‡πÉ‡∏ô‡∏ñ‡∏±‡∏á‡πÑ‡∏°‡πâ‡∏ñ‡∏∂‡∏á 4 ‡∏õ‡∏µ ‡∏ô‡πâ‡∏≥‡∏ã‡∏∏‡∏õ‡∏°‡∏µ‡∏Ñ‡∏ß‡∏≤‡∏°‡∏´‡∏≠‡∏°‡∏£‡∏™‡∏ä‡∏≤‡∏ï‡∏¥‡∏Å‡∏•‡∏°‡∏Å‡∏•‡πà‡∏≠‡∏°‡πÄ‡∏õ‡πá‡∏ô‡πÄ‡∏≠‡∏Å‡∏•‡∏±‡∏Å‡∏©‡∏ì‡πå ‡πÇ‡∏õ‡∏∞‡πÄ‡∏ô‡∏∑‡πâ‡∏≠‡∏ß‡∏≤‡∏Å‡∏¥‡∏ß‡∏™‡πÑ‡∏•‡∏ã‡πå‡∏ä‡∏¥‡πâ‡∏ô‡πÉ‡∏´‡∏ç‡πà‡πÅ‡∏ú‡πà‡πÄ‡∏ï‡πá‡∏°‡∏ä‡∏≤‡∏° ‡∏≠‡∏£‡πà‡∏≠‡∏¢‡∏ü‡∏¥‡∏ô‡∏°‡∏≤‡∏Å

‡∏™‡πà‡∏ß‡∏ô‡πÉ‡∏Ñ‡∏£‡πÑ‡∏°‡πà‡∏≠‡∏¢‡∏≤‡∏Å‡∏ó‡∏≤‡∏ô‡∏£‡∏≤‡πÄ‡∏°‡∏ô ‡∏™‡∏±‡πà‡∏á‡πÄ‡∏õ‡πá‡∏ô‡∏Ç‡πâ‡∏≤‡∏ß‡∏´‡∏ô‡πâ‡∏≤‡∏ä‡∏≤‡∏ä‡∏π‡∏Å‡πá‡∏≠‡∏£‡πà‡∏≠‡∏¢‡∏ô‡∏∞ ‡πÄ‡∏õ‡πá‡∏ô‡∏°‡∏¥‡∏Å‡∏ã‡πå‡∏ä‡∏≤‡∏ä‡∏π‡∏´‡∏°‡∏π‡∏Å‡∏±‡∏ö‡πÑ‡∏Å‡πà‡∏´‡∏±‡πà‡∏ô‡πÄ‡∏õ‡πá‡∏ô‡∏•‡∏π‡∏Å‡πÄ‡∏ï‡πã‡∏≤ ‡∏£‡∏≤‡∏î‡∏ã‡∏≠‡∏™‡πÄ‡∏ó‡∏£‡∏¥‡∏¢‡∏≤‡∏Å‡∏¥‡πÇ‡∏õ‡∏∞‡πÑ‡∏Ç‡πà‡∏≠‡∏≠‡∏ô‡πÄ‡∏ã‡∏ô ‡∏™‡∏≤‡∏°‡∏≤‡∏£‡∏ñ‡πÄ‡∏û‡∏¥‡πà‡∏° truffle paste ‡πÑ‡∏î‡πâ‡∏î‡πâ‡∏ß‡∏¢ ‡πÄ‡∏û‡∏¥‡πà‡∏°‡∏≠‡∏µ‡∏Å 100 ‡∏ö‡∏≤‡∏ó ‡πÄ‡∏û‡∏¥‡πà‡∏°‡∏Å‡∏•‡∏¥‡πà‡∏ô‡∏ó‡∏£‡∏±‡∏ü‡πÄ‡∏ü‡∏¥‡∏•‡∏´‡∏≠‡∏°‡πÜ ‡πÄ‡∏Ç‡πâ‡∏≤‡πÑ‡∏õ‡∏≠‡∏µ‡∏Å

‡πÇ‡∏î‡∏¢‡∏£‡∏ß‡∏°‡∏Å‡πá‡∏¢‡∏±‡∏á‡∏ä‡∏≠‡∏ö‡∏ô‡∏∞ ‡∏≠‡∏≤‡∏à‡∏à‡∏∞‡πÑ‡∏°‡πà‡∏î‡∏π‡∏û‡∏•‡∏∏‡∏Å‡∏û‡∏•‡πà‡∏≤‡∏ô‡πÄ‡∏´‡∏°‡∏∑‡∏≠‡∏ô‡πÅ‡∏ï‡πà‡∏Å‡πà‡∏≠‡∏ô ‡πÅ‡∏ï‡πà‡∏Å‡πá‡∏°‡∏µ‡∏•‡∏π‡∏Å‡∏Ñ‡πâ‡∏≤‡∏ó‡∏±‡πâ‡∏á‡∏Ñ‡∏ô‡πÅ‡∏•‡∏∞‡∏ç‡∏µ‡πà‡∏õ‡∏∏‡πà‡∏ô‡πÅ‡∏ß‡∏∞‡πÄ‡∏ß‡∏µ‡∏¢‡∏ô‡∏°‡∏≤‡∏ó‡∏≤‡∏ô‡∏Å‡∏±‡∏ô‡πÄ‡∏£‡∏∑‡πà‡∏≠‡∏¢‡πÜ",4,Yee_FullandFun ‡∏≠‡πà‡∏≤‡∏ô‡∏ï‡πà‡∏≠‡πÑ‡∏î‡πâ‡∏ó‡∏µ‡πà https://www.wongnai.com/users/yee_fullandfun#followers?ref=ct,https://www.wongnai.com/reviews/fa7d23b4c5f0451f8d051d71a8898f05
9,"‡∏£‡∏≤‡πÄ‡∏°‡∏ô‡πÄ‡∏à‡πâ‡∏≤‡∏î‡∏±‡∏á‡∏à‡∏≤‡∏Å‡πÇ‡∏ï‡πÄ‡∏Å‡∏µ‡∏¢‡∏ß (3.5/5)
‡∏£‡∏≤‡∏Ñ‡∏≤‡∏ï‡πà‡∏≠‡∏´‡∏±‡∏ß: 251 - 500 ‡∏ö‡∏≤‡∏ó
‡πÄ‡∏°‡∏ô‡∏π‡πÄ‡∏î‡πá‡∏î: Chashu Noko Gyokai Ramen
‡πÑ‡∏î‡πâ‡∏¢‡∏¥‡∏ô‡∏ä‡∏∑‡πà‡∏≠‡πÄ‡∏™‡∏µ‡∏¢‡∏á‡∏Ç‡∏≠‡∏á‡∏£‡∏≤‡πÄ‡∏°‡∏ô‡∏£‡πâ‡∏≤‡∏ô‡∏ô‡∏µ‡πâ‡∏à‡∏≤‡∏Å‡∏´‡∏•‡∏≤‡∏¢‡πÜ‡∏ó‡πà‡∏≤‡∏ô‡πÉ‡∏ô‡∏ß‡∏á‡πÉ‡∏ô
‡∏ß‡πà‡∏≤‡∏£‡πâ‡∏≤‡∏ô‡∏ô‡∏µ‡πâ‡πÄ‡∏Ñ‡∏¢‡πÑ‡∏î‡πâ‡∏≠‡∏±‡∏ô‡∏î‡∏±‡∏ö 1 ‡∏Ç‡∏≠‡∏á‡πÄ‡∏ß‡πá‡∏ö tabelog ‡πÄ‡∏ß‡πá‡∏ö‡∏£‡∏µ‡∏ß‡∏¥‡∏ß‡∏≠‡∏≤‡∏´‡∏≤‡∏£
‡∏ä‡∏∑‡πà‡∏≠‡∏î‡∏±‡∏á‡∏à‡∏≤‡∏Å‡∏ç‡∏µ‡πà‡∏õ‡∏∏‡πà‡∏ô ‡∏ó‡∏≥‡πÉ‡∏´‡πâ‡∏î‡∏π‡∏ô‡πà‡∏≤‡∏™‡∏ô‡πÉ‡∏à‡∏ó‡∏µ‡πà‡∏à‡∏∞‡πÑ‡∏õ‡∏•‡∏≠‡∏á‡∏°‡∏≤‡∏Å
‡∏£‡πâ‡∏≤‡∏ô‡∏ô‡∏µ‡πâ‡∏≠‡∏¢‡∏π‡πà‡∏ä‡∏±‡πâ‡∏ô LG ‡∏ï‡∏∂‡∏Å Erawan Hyatt Plaza ‡∏ï‡∏£‡∏á‡∏î‡πâ‡∏≤‡∏ô‡∏´‡∏ô‡πâ‡∏≤
‡∏ï‡∏¥‡∏î‡∏Å‡∏±‡∏ö‡∏£‡πâ‡∏≤‡∏ô nara
‡πÄ‡∏°‡∏ô‡∏π‡∏ó‡∏µ‡πà‡∏•‡∏≠‡∏á‡∏™‡∏±‡πà‡∏á‡∏ß‡∏±‡∏ô‡∏ô‡∏µ‡πâ‡πÄ‡∏•‡∏¢‡∏Å‡πá‡∏Ñ‡∏∑‡∏≠‡πÄ‡∏°‡∏ô‡∏π Itto Gyokai Tsukemon
‡∏£‡∏≤‡πÄ‡∏°‡∏ô‡πÄ‡∏¢‡πá‡∏ô‡πÄ‡∏™‡∏£‡∏¥‡∏ü‡πÅ‡∏¢‡∏Å‡∏°‡∏≤‡∏Å‡∏±‡∏ö‡∏ô‡πâ‡∏≥‡∏ã‡∏∏‡∏õ‡∏ó‡∏µ‡πà‡πÄ‡∏Ç‡πâ‡∏°‡∏Ç‡πâ‡∏ô‡∏°‡∏≤‡∏Å‡πÜ ‡πÄ‡∏™‡πâ‡∏ô‡∏£‡∏≤‡πÄ‡∏°‡∏ô
‡πÄ‡∏¢‡πá‡∏ô‡∏°‡∏µ‡∏Ñ‡∏ß‡∏≤‡∏°‡πÄ‡∏´‡∏ô‡∏µ‡∏¢‡∏ß‡∏ô‡∏∏‡πà‡∏°‡∏≠‡∏£‡πà‡∏≠‡∏¢‡∏°‡∏≤‡∏Å‡∏Å‡∏¥‡∏ô‡∏Ñ‡∏π‡πà‡∏Å‡∏±‡∏ö‡∏ô‡πâ‡∏≥‡∏ã‡∏∏‡∏õ‡∏ó‡∏µ‡πà‡∏£‡πâ‡∏≠‡∏ô‡πÜ‡∏ï‡∏±‡∏î
‡∏Å‡∏±‡∏ô‡πÑ‡∏î‡πâ‡∏î‡∏µ ‡∏ô‡πâ‡∏≥‡∏ã‡∏∏‡∏õ‡πÅ‡∏≠‡∏ö‡∏°‡∏µ‡∏Ñ‡∏ß‡∏≤‡∏°‡πÄ‡∏Ñ‡πá‡∏°‡∏û‡∏≠‡∏ï‡∏±‡∏ß‡∏ï‡πâ‡∏≠‡∏á‡πÄ‡∏ï‡∏¥‡∏°‡∏ô‡πâ‡∏≥‡∏ã‡∏∏‡∏õ‡∏Ç‡∏≠‡∏á‡∏ó‡∏µ‡πà
‡∏£‡πâ‡∏≤‡∏ô‡πÄ‡∏û‡∏¥‡πà‡∏°‡πÑ‡∏õ‡∏´‡∏ô‡πà‡∏≠‡∏¢‡∏Ñ‡πà‡∏≠‡∏¢‡∏•‡∏á‡∏ï‡∏±‡∏ß‡∏Ç‡∏∂‡πâ‡∏ô‡∏°‡∏≤‡πÄ‡∏¢‡∏≠‡∏∞ ‡πÉ‡∏ô‡∏ô‡πâ‡∏≥‡∏ã‡∏∏‡∏õ‡∏Å‡πá‡∏°‡∏µ‡∏´‡∏°‡∏π‡∏õ‡∏±‡πâ‡∏ô
‡∏≠‡∏£‡πà‡∏≠‡∏¢‡πÅ‡∏ã‡∏°‡∏°‡∏≤‡∏î‡πâ‡∏ß‡∏¢‡∏ã‡∏∂‡πà‡∏á‡∏≠‡∏£‡πà‡∏≠‡∏¢‡∏î‡∏µ‡πÄ‡∏´‡∏°‡∏∑‡∏≠‡∏ô‡∏Å‡∏±‡∏ô ‡πÉ‡∏ô‡∏ä‡∏≤‡∏°‡∏¢‡∏±‡∏á‡∏°‡∏µ‡∏´‡∏°‡∏π‡∏ä‡∏≤‡∏ä‡∏π
‡∏°‡∏≤‡∏≠‡∏µ‡∏Å‡∏ä‡∏¥‡πâ‡∏ô‡∏Å‡∏¥‡∏ô‡πÄ‡∏Ç‡πâ‡∏≤‡∏Ñ‡∏π‡πà‡∏Å‡∏±‡∏ô‡πÑ‡∏î‡πâ‡πÄ‡∏õ‡πá‡∏ô‡∏≠‡∏¢‡πà‡∏≤‡∏á‡∏î‡∏µ
‡πÇ‡∏î‡∏¢‡∏£‡∏ß‡∏°‡πÅ‡∏•‡πâ‡∏ß‡∏Å‡πá‡∏≠‡∏£‡πà‡∏≠‡∏¢‡πÉ‡∏ô‡∏£‡∏∞‡∏î‡∏±‡∏ö‡∏ô‡∏∂‡∏á‡πÅ‡∏ï‡πà‡πÑ‡∏°‡πà‡∏ñ‡∏∂‡∏á‡∏Å‡∏±‡∏ö‡∏ß‡πâ‡∏≤‡∏ß‡∏≠‡∏∞‡πÑ‡∏£ ‡∏≠‡πà‡∏≤‡∏ô‡∏ï‡πà‡∏≠‡πÑ‡∏î‡πâ‡∏ó‡∏µ‡πà https://www.wongnai.com/restaurants/447610Jj-menya-itto-bkk?ref=ct",3,8le,https://www.wongnai.com/reviews/9596b96285204cd0a92a253c59c94ac5
10,‡∏Ñ‡∏¥‡∏ß‡∏¢‡∏±‡∏á‡∏¢‡∏≤‡∏ß‡∏≠‡∏¢‡∏π‡πà‡∏°‡∏±‡πâ‡∏¢‡∏Ñ‡∏∞,3,Toon_happyeater,
11,‡πÄ‡∏´‡πá‡∏ô‡∏™‡∏µ‡∏Ç‡∏≠‡∏á‡∏´‡∏°‡∏π‡∏ä‡∏°‡∏û‡∏π‡πä‡∏ä‡∏°‡∏û‡∏π‡∏Ñ‡πà‡∏∞ ‡πÑ‡∏°‡πà‡∏Å‡∏•‡πâ‡∏≤‡∏Å‡∏¥‡∏ô,3,Emmy Poko,
12,"‡∏£‡∏≤‡πÄ‡∏°‡∏á No.1 ‡∏à‡∏≤‡∏Å‡πÇ‡∏ï‡πÄ‡∏Å‡∏µ‡∏¢‡∏ß
‡∏£‡∏≤‡∏Ñ‡∏≤‡∏ï‡πà‡∏≠‡∏´‡∏±‡∏ß: 501 - 1,000 ‡∏ö‡∏≤‡∏ó
‡πÄ‡∏°‡∏ô‡∏π‡πÄ‡∏î‡πá‡∏î: ChashuShioRamen, Chashu Noko Gyokai Ramen
‡∏à‡∏∏‡∏î‡πÄ‡∏î‡πà‡∏ô‡∏Ç‡∏≠‡∏á‡∏£‡πâ‡∏≤‡∏ô‡∏Ñ‡∏∑‡∏≠ ‡πÄ‡∏™‡πâ‡∏ô Homemade ‡πÅ‡∏•‡∏∞‡∏ô‡πâ‡∏≥‡∏ã‡∏∏‡∏õ‡∏™‡∏π‡∏ï‡∏£‡πÄ‡∏â‡∏û‡∏≤‡∏∞‡∏Ç‡∏≠‡∏á‡∏ó‡∏≤‡∏á‡∏£‡πâ‡∏≤‡∏ô‡∏Ñ‡πà‡∏∞
‡πÅ‡∏ô‡πà‡∏ô‡∏≠‡∏ô‡∏ß‡πà‡∏≤‡πÄ‡∏£‡∏≤‡∏ï‡πâ‡∏≠‡∏á‡∏•‡∏≠‡∏á Signature ‡∏Å‡πà‡∏≠‡∏ô‡∏ô‡∏∞‡∏Ñ‡∏∞

Tsukemen ‡∏ô‡∏µ‡πà‡∏°‡∏µ‡∏õ‡πâ‡∏≤‡∏¢‡∏ö‡∏≠‡∏Å‡∏ß‡∏¥‡∏ò‡∏µ‡∏Å‡∏¥‡∏ô‡∏î‡πâ‡∏ß‡∏¢‡∏≠‡πà‡∏∞

‡πÄ‡∏°‡∏ô‡∏π‡∏ô‡∏µ‡πâ‡πÄ‡∏•‡∏¢ Chashu Itto Tsukemen
‡πÄ‡∏™‡∏¥‡∏£‡πå‡∏ü‡πÅ‡∏¢‡∏Å‡∏Å‡∏±‡∏ô‡∏£‡∏∞‡∏´‡∏ß‡πà‡∏≤‡∏á‡∏ã‡∏∏‡∏õ‡∏Å‡∏±‡∏ö‡πÄ‡∏™‡πâ‡∏ô ‡∏ï‡∏±‡∏ß‡πÄ‡∏™‡πâ‡∏ô‡πÄ‡∏õ‡πá‡∏ô‡∏•‡∏±‡∏Å‡∏©‡∏ì‡∏∞‡∏´‡∏ô‡∏≤‡∏ô‡∏∏‡πà‡∏° Topping ‡∏ö‡∏ô‡∏ä‡∏≤‡∏°‡∏°‡∏µ ‡πÑ‡∏Å‡πà‡∏ä‡∏≤‡∏ä‡∏π ‡∏´‡∏°‡∏π‡∏ä‡∏≤‡∏ä‡∏π ‡∏´‡∏°‡∏π‡∏™‡∏≤‡∏°‡∏ä‡∏±‡πâ‡∏ô ‡πÅ‡∏•‡∏∞‡πÅ‡∏ú‡πà‡∏ô‡∏™‡∏≤‡∏´‡∏£‡πà‡∏≤‡∏¢
‡∏ô‡πâ‡∏≥‡∏ã‡∏∏‡∏õ‡∏î‡∏π‡πÄ‡∏Ç‡πâ‡∏°‡∏Ç‡πâ‡∏ô‡∏°‡∏≤‡∏Å ‡∏û‡∏£‡πâ‡∏≠‡∏°‡∏•‡∏π‡∏Å‡∏ä‡∏¥‡πâ‡∏ô‡πÑ‡∏Å‡πà‡∏™‡∏±‡∏ö‡∏Å‡∏±‡∏ö‡∏Å‡∏£‡∏∞‡∏î‡∏π‡∏Å‡∏≠‡πà‡∏≠‡∏ô 2 ‡∏ä‡∏¥‡πâ‡∏ô

‡πÄ‡∏ß‡∏•‡∏≤‡∏Å‡∏¥‡∏ô‡∏Ñ‡∏∑‡∏≠‡∏à‡∏∏‡πà‡∏°‡πÄ‡∏™‡πâ‡∏ô‡∏•‡∏á‡πÑ‡∏õ‡πÄ‡∏•‡∏¢‡∏à‡πâ‡∏≤
‡∏´‡∏≤‡∏Å‡∏ô‡πâ‡∏≥‡∏ã‡∏∏‡∏õ‡πÄ‡∏Ç‡πâ‡∏°‡∏Ç‡πâ‡∏ô‡πÑ‡∏õ ‡∏™‡∏≤‡∏°‡∏≤‡∏£‡∏ñ‡πÄ‡∏ï‡∏¥‡∏°‡∏ô‡πâ‡∏≥‡∏ã‡∏∏‡∏õ‡πÑ‡∏î‡πâ‡∏Ñ‡πà‡∏∞ ‡∏ã‡∏∂‡πà‡∏á‡∏ö‡∏ô‡πÇ‡∏ï‡πä‡∏∞‡∏Ç‡∏≠‡∏á‡∏ó‡∏∏‡∏Å‡πÜ‡πÇ‡∏ï‡πä‡∏∞‡∏ô‡∏±‡πâ‡∏ô‡∏à‡∏∞‡∏°‡∏µ‡∏ô‡πâ‡∏≥‡∏ã‡∏∏‡∏õ ""Wadashi"" ‡πÄ‡∏≠‡∏≤‡πÑ‡∏ß‡πâ‡πÄ‡∏ï‡∏¥‡∏°‡∏Ñ‡πà‡∏∞
‡∏ó‡πá‡∏≠‡∏õ‡∏õ‡∏¥‡πâ‡∏á‡∏°‡∏µ‡πÉ‡∏´‡πâ‡πÄ‡∏•‡∏∑‡∏≠‡∏Å‡∏™‡∏±‡πà‡∏á‡πÄ‡∏û‡∏¥‡πà‡∏°

‡πÅ‡∏ô‡πà‡∏ô‡∏≠‡∏ô‡∏ß‡πà‡∏≤‡∏ï‡πâ‡∏≠‡∏á‡∏™‡∏±‡πà‡∏á Tamako ‡∏´‡∏£‡∏∑‡∏≠ ‡πÑ‡∏Ç‡πà‡∏ï‡πâ‡∏°‡πÅ‡∏ä‡πà‡∏ã‡∏≠‡∏™ ‡∏°‡∏≤‡πÉ‡∏™‡πà‡πÉ‡∏ô‡∏ä‡∏≤‡∏°‡∏£‡∏≤‡πÄ‡∏°‡∏á‡πÄ‡∏û‡∏¥‡πà‡∏°‡∏î‡πâ‡∏ß‡∏¢‡∏à‡πâ‡∏≤
‡∏ä‡∏¥‡∏°‡πÅ‡∏•‡πâ‡∏ß‡∏ö‡∏≠‡∏Å‡πÄ‡∏•‡∏¢‡∏ß‡πà‡∏≤‡∏ü‡∏¥‡∏ô‡∏°‡∏≤‡∏Å ‡∏Å‡∏±‡∏ö Signature ‡∏ô‡πâ‡∏≥‡∏ã‡∏∏‡∏õ‡∏£‡∏™‡πÄ‡∏Ç‡πâ‡∏°‡∏Ç‡πâ‡∏ô‡∏Ç‡∏≠‡∏á‡∏ä‡∏≤‡∏°‡∏ô‡∏µ‡πâ

‡∏°‡∏≤‡∏•‡∏≠‡∏á‡πÄ‡∏°‡∏ô‡∏π‡πÉ‡∏´‡∏°‡πà‡∏Å‡∏±‡∏ô‡∏ö‡πâ‡∏≤‡∏á
""Mazemen"" 2 ‡∏£‡∏™‡∏ä‡∏≤‡∏ï‡∏¥ ‡∏£‡∏≤‡πÄ‡∏°‡∏ô‡πÇ‡∏Æ‡∏°‡πÄ‡∏°‡∏î‡πÄ‡∏™‡πâ‡∏ô‡πÄ‡∏•‡πá‡∏Å ‡πÄ‡∏´‡∏ô‡∏µ‡∏¢‡∏ß ‡∏ô‡∏∏‡πà‡∏° ‡∏ï‡∏≤‡∏°‡∏™‡πÑ‡∏ï‡∏•‡πå‡πÄ‡∏°‡∏ô‡∏¢‡∏∞‡∏≠‡∏¥‡∏ï‡πÇ‡∏ï‡∏Ñ‡∏•‡∏∏‡∏Å‡∏ã‡∏≠‡∏™‡∏™‡∏π‡∏ï‡∏£‡∏û‡∏¥‡πÄ‡∏®‡∏©‡∏Ç‡∏•‡∏∏‡∏Å‡∏Ç‡∏•‡∏¥‡∏Å ‡∏ã‡∏∂‡πà‡∏á‡πÄ‡∏°‡∏ô‡∏π‡πÉ‡∏´‡∏°‡πà‡∏ô‡∏µ‡πâ‡∏°‡∏µ‡∏à‡∏≥‡∏´‡∏ô‡πà‡∏≤‡∏¢‡∏ñ‡∏∂‡∏á‡∏ä‡πà‡∏ß‡∏á‡∏™‡∏á‡∏Å‡∏£‡∏≤‡∏ô‡∏ï‡πå 2561 ‡∏ô‡∏µ‡πâ‡∏ô‡∏∞‡∏Ñ‡∏∞

Spicy Mazemen „Çπ„Éë„Ç§„Ç∑„Éº„Åæ„ÅúÈ∫∫
‡∏£‡∏≤‡πÄ‡∏°‡∏ô‡∏£‡∏™‡πÄ‡∏ú‡πá‡∏î‡πÅ‡∏ö‡∏ö‡πÅ‡∏´‡πâ‡∏á‡∏Ñ‡∏•‡∏∏‡∏Å‡∏ã‡∏≠‡∏™‡∏™‡∏π‡∏ï‡∏£‡πÄ‡∏ú‡πá‡∏î‡∏Ç‡∏•‡∏∏‡∏Å‡∏Ç‡∏•‡∏¥‡∏Å‡πÅ‡∏ö‡∏ö‡∏ò‡∏£‡∏£‡∏°‡∏î‡∏≤ ‡πÅ‡∏•‡∏∞‡πÅ‡∏ö‡∏ö‡πÄ‡∏û‡∏¥‡πà‡∏°‡∏ó‡πá‡∏≠‡∏õ‡∏õ‡∏¥‡πâ‡∏á ‡∏™‡∏î‡∏â‡πà‡∏≥‡∏Ç‡∏≠‡∏á‡∏≠‡∏¥‡∏Ñ‡∏∏‡∏£‡∏∞ (‡πÑ‡∏Ç‡πà‡∏õ‡∏•‡∏≤‡πÅ‡∏ã‡∏•‡∏°‡∏≠‡∏ô) ‡∏™‡πà‡∏á‡∏ï‡∏£‡∏á‡∏à‡∏≤‡∏Å‡∏Æ‡∏≠‡∏Å‡πÑ‡∏Å‡πÇ‡∏î ‡πÄ‡∏Å‡πã‡∏ï‡∏£‡∏á‡∏°‡∏µ‡πÅ‡∏Ñ‡πá‡∏ö‡∏´‡∏°‡∏π‡πÉ‡∏´‡πâ‡∏Ñ‡∏ß‡∏≤‡∏°‡∏Å‡∏£‡∏∏‡∏ö‡∏Å‡∏£‡∏≠‡∏ö‡πÄ‡∏Ç‡πâ‡∏≤‡∏Å‡∏±‡∏ô‡∏î‡∏µ‡∏î‡πâ‡∏ß‡∏¢‡∏Ñ‡πà‡∏∞ ‡∏ä‡∏≤‡∏°‡∏ô‡∏µ‡πâ‡∏Å‡∏¥‡∏ô‡πÅ‡∏•‡πâ‡∏ß‡∏ï‡πâ‡∏≠‡∏á‡∏ö‡∏≠‡∏Å‡∏ß‡πà‡∏≤‡∏ñ‡∏π‡∏Å‡πÉ‡∏à‡∏Ñ‡∏ô‡πÑ‡∏ó‡∏¢‡πÅ‡∏ô‡πà‡∏ô‡∏≠‡∏ô ‡πÄ‡∏û‡∏£‡∏≤‡∏∞‡∏Ñ‡∏ß‡∏≤‡∏°‡∏ó‡∏µ‡πà‡∏°‡∏µ‡∏£‡∏™‡πÄ‡∏ú‡πá‡∏î ‡∏ó‡∏≥‡πÉ‡∏´‡πâ‡∏Å‡∏¥‡∏ô‡πÑ‡∏î‡πâ‡πÄ‡∏£‡∏∑‡πà‡∏≠‡∏¢‡πÜ ‡∏à‡∏ô‡∏´‡∏°‡∏î‡∏ä‡∏≤‡∏°

Truffle Mazemen with Cheese „Éà„É™„É•„Éï„ÉÅ„Éº„Ç∫„Åæ„ÅúÈ∫∫
‡∏£‡∏≤‡πÄ‡∏°‡∏ô‡πÄ‡∏™‡πâ‡∏ô‡πÄ‡∏•‡πá‡∏Å‡πÅ‡∏ö‡∏ö‡πÅ‡∏´‡πâ‡∏á‡πÑ‡∏î‡πâ ‡∏Å‡∏•‡∏¥‡πà‡∏ô‡∏´‡∏≠‡∏°‡∏ó‡∏µ‡πà‡∏°‡∏µ‡πÄ‡∏≠‡∏Å‡∏•‡∏±‡∏Å‡∏©‡∏ì‡πå‡πÄ‡∏â‡∏û‡∏≤‡∏∞‡∏Ç‡∏≠‡∏á‡πÄ‡∏´‡πá‡∏î‡∏ó‡∏£‡∏±‡∏ü‡πÄ‡∏ü‡∏¥‡∏• ‡πÅ‡∏•‡∏∞‡∏ä‡∏µ‡∏™ (‡∏à‡∏≥‡∏Å‡∏±‡∏î‡πÄ‡∏™‡∏¥‡∏£‡πå‡∏ü 15 ‡∏ä‡∏≤‡∏°‡∏ï‡πà‡∏≠‡∏ß‡∏±‡∏ô) ‡∏à‡∏≤‡∏ô‡∏ô‡∏µ‡πâ‡πÉ‡∏´‡πâ‡∏Ñ‡∏ß‡∏≤‡∏°‡∏£‡∏π‡πâ‡∏™‡∏∂‡∏Å‡πÄ‡∏´‡∏°‡∏∑‡∏≠‡∏ô‡∏™‡∏õ‡∏≤‡πÄ‡∏Å‡πá‡∏ï‡∏ï‡∏µ‡πâ ‡πÅ‡∏ö‡∏ö‡∏Ñ‡∏£‡∏µ‡∏°‡∏°‡∏µ‡πà‡∏î‡∏µ‡∏á‡∏≤‡∏° ‡πÄ‡∏´‡∏°‡∏≤‡∏∞‡∏Å‡∏±‡∏ö‡∏Ñ‡∏ô‡∏ä‡∏≠‡∏ö‡∏£‡∏™‡∏ä‡∏≤‡∏ï‡∏¥‡∏™‡πÑ‡∏ï‡∏•‡πå‡∏≠‡∏¥‡∏ô‡πÄ‡∏ï‡∏≠‡∏£‡πå‡∏Ñ‡πà‡∏∞

‡∏≠‡πà‡∏∞‡∏•‡∏≠‡∏á Signature ‡∏≠‡∏µ‡∏Å‡∏™‡∏±‡∏Å 1 ‡πÄ‡∏°‡∏ô‡∏π‡∏Ñ‡πà‡∏∞
Shio Ramen ‡∏£‡∏≤‡πÄ‡∏°‡∏ô‡∏ã‡∏∏‡∏õ‡πÉ‡∏™ ‡πÄ‡∏™‡∏¥‡∏£‡πå‡∏ü‡∏û‡∏£‡πâ‡∏≠‡∏°‡∏≠‡∏Å‡πÑ‡∏Å‡πà‡∏ä‡∏≤‡∏ä‡∏π ‡∏´‡∏°‡∏π‡∏ä‡∏≤‡∏ä‡∏π ‡∏´‡∏ô‡πà‡∏≠‡πÑ‡∏°‡πâ ‡πÅ‡∏ú‡πà‡∏ô‡∏™‡∏≤‡∏´‡∏£‡πà‡∏≤‡∏¢ ‡πÄ‡∏™‡πâ‡∏ô‡∏Ç‡∏≠‡∏á‡∏ä‡∏≤‡∏°‡∏ô‡∏µ‡πâ‡πÄ‡∏õ‡πá‡∏ô‡πÅ‡∏ö‡∏ö‡πÄ‡∏™‡πá‡∏ô‡πÄ‡∏•‡πá‡∏Å ‡∏ô‡πâ‡∏≥‡∏ã‡∏∏‡∏õ‡πÉ‡∏™‡πÅ‡∏ï‡πà‡∏£‡∏™‡∏ä‡∏≤‡∏ï‡∏¥‡πÅ‡∏ô‡πà‡∏ô ‡∏Å‡∏•‡∏°‡∏Å‡∏•‡πà‡∏≠‡∏° ‡∏ä‡∏≤‡∏°‡∏ô‡∏µ‡πâ‡πÄ‡∏´‡∏°‡∏≤‡∏∞‡∏Å‡∏±‡∏ö‡∏ó‡∏∏‡∏Å‡∏Ñ‡∏ô‡πÑ‡∏î‡πâ‡πÄ‡∏•‡∏¢‡∏Ñ‡πà‡∏∞

‡∏¢‡∏±‡∏á‡πÑ‡∏°‡πà‡∏´‡∏°‡∏î ‡∏°‡∏≤‡πÅ‡∏•‡πâ‡∏ß‡∏Å‡πá‡∏ï‡πâ‡∏≠‡∏á‡∏•‡∏≠‡∏á‡∏Ç‡∏ô‡∏°‡πÉ‡∏´‡∏°‡πà ‡∏û‡∏∂‡πà‡∏á‡∏Ç‡∏≤‡∏¢‡πÑ‡∏î‡πâ‡πÑ‡∏°‡πà‡∏Å‡∏µ‡πà‡∏ß‡∏±‡∏ô Hokkaido Milk Cr√®me Brulee ‡πÄ‡∏ô‡∏∑‡πâ‡∏≠‡∏•‡∏∞‡∏°‡∏∏‡∏ô ‡∏´‡∏≠‡∏° ‡∏´‡∏ô‡πâ‡∏≤‡∏Å‡∏£‡∏≠‡∏ö ‡∏Å‡πâ‡∏ô‡∏ñ‡πâ‡∏ß‡∏¢‡∏°‡∏µ‡∏™‡∏ï‡∏≠‡πÄ‡∏ö‡∏≠‡∏£‡πå‡∏£‡∏µ‡πâ‡∏î‡πâ‡∏ß‡∏¢ ‡πÄ‡∏õ‡πá‡∏ô‡∏Ç‡∏ô‡∏° Homemade ‡∏ó‡∏µ‡πà‡∏î‡∏µ‡∏á‡∏≤‡∏°‡∏à‡∏£‡∏¥‡∏á‡πÜ ‡πÑ‡∏°‡πà‡∏´‡∏ß‡∏≤‡∏ô‡πÄ‡∏Å‡∏¥‡∏ô‡πÑ‡∏õ‡∏î‡πâ‡∏ß‡∏¢‡∏Ñ‡πà‡∏∞ ‡∏≠‡∏¢‡πà‡∏≤‡∏•‡∏∑‡∏°‡∏°‡∏≤‡∏•‡∏≠‡∏á‡∏Å‡∏±‡∏ô

‡πÄ‡∏Ñ‡∏£‡∏∑‡πà‡∏≠‡∏á‡∏î‡∏∑‡πà‡∏°‡πÅ‡∏ô‡∏∞‡∏ô‡∏≥‡∏¢‡∏π‡∏™‡∏∏‡πÇ‡∏ã‡∏î‡∏≤ ‡πÄ‡∏õ‡∏£‡∏µ‡πâ‡∏¢‡∏ß ‡πÅ‡∏•‡∏∞ ‡∏ã‡πà‡∏≤ ‡∏™‡∏î‡∏ä‡∏∑‡πà‡∏ô‡∏î‡∏µ‡∏Ñ‡πà‡∏∞

‡πÉ‡∏Ñ‡∏£‡∏ó‡∏µ‡πà‡∏ä‡∏≠‡∏ö‡∏Å‡∏¥‡∏ô‡∏£‡∏≤‡πÄ‡∏°‡∏á ‡∏≠‡∏¢‡πà‡∏≤‡∏•‡∏∑‡∏°‡πÑ‡∏õ‡∏•‡∏≠‡∏á‡∏Å‡∏±‡∏ô ‡∏Ñ‡∏∏‡πâ‡∏°‡∏Ñ‡πà‡∏≤‡∏Å‡∏±‡∏ö‡∏Ñ‡∏ß‡∏≤‡∏°‡∏≠‡∏£‡πà‡∏≠‡∏¢‡πÅ‡∏ô‡πà‡∏ô‡∏≠‡∏ô ‡πÑ‡∏°‡πà‡∏ï‡πâ‡∏≠‡∏á‡∏ö‡∏¥‡∏ô‡πÑ‡∏õ‡∏ñ‡∏∂‡∏á‡πÇ‡∏ï‡πÄ‡∏Å‡∏µ‡∏¢‡∏ß‡πÑ‡∏õ‡∏ï‡πà‡∏≠‡∏Ñ‡∏¥‡∏ß‡∏Å‡∏¥‡∏ô ‡∏°‡∏≤‡∏Å‡∏¥‡∏ô‡∏ó‡∏µ‡πà‡∏ô‡∏µ‡πà‡∏Å‡πá‡∏≠‡∏¥‡∏ô ‡∏Å‡πá‡∏ü‡∏¥‡∏ô‡∏™‡∏∏‡∏î‡πÜ ‡πÑ‡∏î‡πâ‡∏à‡πâ‡∏≤",5,nanareview,https://www.wongnai.com/reviews/ea7397ef93e7479da6310fd8c3fbfcd9
13,"Ramen ‡πÄ‡∏à‡πâ‡∏≤‡∏î‡∏±‡∏á ‡πÅ‡∏ï‡πà‡∏¢‡∏±‡∏á‡πÑ‡∏°‡πà‡∏Ñ‡πà‡∏≠‡∏¢‡∏õ‡∏±‡∏á
‡∏£‡πâ‡∏≤‡∏ô‡∏ô‡∏µ‡πâ ‡∏°‡∏µ‡πÄ‡∏°‡∏ô‡∏π‡∏£‡∏≤‡πÄ‡∏°‡∏ô‡∏´‡∏•‡∏±‡∏Å‡πÜ 3‡∏≠‡∏¢‡πà‡∏≤‡∏á ‡∏ß‡∏±‡∏ô‡∏ô‡∏µ‡πâ‡∏°‡∏≤‡∏•‡∏≠‡∏á‡∏™‡∏±‡πà‡∏á ‡∏Ñ‡∏£‡∏ö‡πÄ‡∏•‡∏¢ 3‡∏≠‡∏¢‡πà‡∏≤‡∏á
-‡∏≠‡∏±‡∏ô‡πÅ‡∏£‡∏Å tsukemen ‡∏≠‡∏±‡∏ô‡∏ô‡∏µ‡πâ‡∏£‡∏™‡∏ä‡∏≤‡∏ï‡∏¥‡∏ñ‡∏∑‡∏≠‡∏ß‡πà‡∏≤‡∏î‡∏µ‡∏™‡∏∏‡∏î‡πÉ‡∏ô 3 ‡∏ä‡∏≤‡∏°‡∏ó‡∏µ‡πà‡∏™‡∏±‡πà‡∏á‡∏°‡∏≤ ‡∏ô‡πâ‡∏≥‡πÄ‡∏Ç‡πâ‡∏°‡∏Ç‡πâ‡∏ô ‡πÅ‡∏ï‡πà ‡∏¢‡∏±‡∏á‡πÑ‡∏°‡πà‡∏õ‡∏±‡∏á‡πÄ‡∏ó‡πà‡∏≤‡∏£‡πâ‡∏≤‡∏ô‡∏≠‡∏∑‡πà‡∏ô (‡πÄ‡∏≠‡∏≤‡πÄ‡∏õ‡πá‡∏ô‡∏ß‡πà‡∏≤‡∏ñ‡∏π‡∏Å‡∏õ‡∏≤‡∏Å‡∏ô‡πâ‡∏≠‡∏¢‡∏™‡∏∏‡∏î‡πÉ‡∏ô‡∏ö‡∏£‡∏£‡∏î‡∏≤‡∏£‡πâ‡∏≤‡∏ô‡∏ó‡∏µ‡πà‡πÄ‡∏Ñ‡∏¢‡∏ó‡∏≤‡∏ô‡∏°‡∏≤‡πÄ‡∏•‡∏¢)
-‡∏ä‡∏≤‡∏°‡∏ó‡∏µ‡πà‡∏™‡∏≠‡∏á ‡∏à‡∏≥‡∏ä‡∏∑‡πà‡∏≠‡πÑ‡∏°‡πà‡πÑ‡∏î‡πâ ‡πÅ‡∏ï‡πà‡πÄ‡∏õ‡πá‡∏ô‡∏ã‡∏∏‡∏ö‡πÑ‡∏Å‡πà ‡∏ô‡πâ‡∏≥‡∏ã‡∏∏‡∏ö‡∏à‡∏∞‡πÄ‡∏´‡∏•‡∏∑‡∏≠‡∏á‡∏≠‡πà‡∏≠‡∏ô‡πÜ‡∏î‡∏π‡πÉ‡∏™‡πÜ‡∏ó‡∏≤‡∏ô‡πÅ‡∏•‡πâ‡∏ß‡∏£‡∏π‡πâ‡∏™‡∏∂‡∏Å‡∏ò‡∏£‡∏£‡∏°‡∏î‡∏≤ ‡πÅ‡∏ï‡πà‡πÑ‡∏î‡πâ‡∏Å‡∏•‡∏¥‡πà‡∏ô‡∏ã‡∏∏‡∏ö‡πÑ‡∏Å‡πà‡∏Ç‡∏∂‡πâ‡∏ô‡∏à‡∏°‡∏π‡∏Å‡πÄ‡∏•‡∏¢‡∏ó‡∏µ‡πÄ‡∏î‡∏µ‡∏¢‡∏ß ‡∏£‡∏π‡πâ‡∏™‡∏∂‡∏Å‡πÑ‡∏°‡πà‡∏Ñ‡πà‡∏≠‡∏¢‡πÄ‡∏´‡∏°‡∏∑‡∏≠‡∏ô‡∏£‡∏≤‡πÄ‡∏°‡∏ô‡∏ç‡∏µ‡πà‡∏õ‡∏∏‡πà‡∏ô‡πÄ‡∏ó‡πà‡∏≤‡πÑ‡∏´‡∏£‡πà ‡πÄ‡∏û‡∏£‡∏≤‡∏∞‡∏õ‡∏Å‡∏ï‡∏¥ ‡πÑ‡∏°‡πà‡∏ô‡πâ‡∏≥‡∏ã‡∏∏‡∏ö‡∏´‡∏°‡∏π‡∏Å‡πá‡∏ã‡∏∏‡∏ö‡∏õ‡∏•‡∏≤
-‡∏ä‡∏≤‡∏°‡∏ó‡∏µ‡πà‡∏™‡∏≤‡∏° ‡∏ã‡∏∏‡∏ö‡πÄ‡∏Å‡∏•‡∏∑‡∏≠ ‡∏≠‡∏±‡∏ô‡∏ô‡∏µ‡πâ‡∏î‡πâ‡∏≠‡∏¢‡∏™‡∏∏‡∏î‡πÉ‡∏ô 3‡∏ä‡∏≤‡∏°‡∏ó‡∏µ‡πà‡∏™‡∏±‡πà‡∏á‡∏°‡∏≤ ‡∏Ñ‡πà‡∏≠‡∏¢‡∏Ç‡πâ‡∏≤‡∏á‡πÄ‡∏Ñ‡πá‡∏° ‡πÅ‡∏ï‡πà‡∏ñ‡πâ‡∏≤‡πÉ‡∏Ñ‡∏£‡∏ä‡∏≠‡∏ö‡πÅ‡∏ô‡∏ß‡πÄ‡∏Ñ‡πá‡∏°‡πÜ‡πÄ‡∏Å‡∏•‡∏∑‡∏≠‡πÜ‡∏Å‡πá‡πÑ‡∏õ‡∏•‡∏≠‡∏á‡∏Å‡∏±‡∏ô‡πÑ‡∏î‡πâ‡∏ô‡∏∞‡∏Ñ‡∏£‡∏±‡∏ö ‡πÅ‡∏ï‡πà‡∏™‡πà‡∏ß‡∏ô‡∏ï‡∏±‡∏ß‡πÑ‡∏°‡πà‡∏ñ‡∏ô‡∏±‡∏î‡πÅ‡∏ô‡∏ß‡∏ô‡∏µ‡πâ
-‡∏´‡∏°‡∏π‡∏ä‡∏≤‡∏ä‡∏π ‡∏ó‡∏µ‡πà‡∏ô‡∏µ‡πà ‡∏´‡∏ô‡∏≤ ‡∏ô‡∏∏‡πà‡∏° ‡∏≠‡∏±‡∏ô‡∏ô‡∏µ‡πâ‡∏ä‡∏°‡∏ô‡∏∞ ‡∏≠‡∏£‡πà‡∏≠‡∏¢‡∏Ñ‡∏£‡∏±‡∏ö
-‡πÄ‡∏Å‡∏µ‡πä‡∏¢‡∏ß‡∏ã‡πà‡∏≤ ‡∏Å‡πá‡∏û‡∏≠‡πÑ‡∏î‡πâ ‡∏û‡∏∑‡πâ‡∏ô‡πÜ‡∏Ñ‡∏£‡∏±‡∏ö
‡∏™‡∏∏‡∏î‡∏ó‡πâ‡∏≤‡∏¢‡πÄ‡∏£‡∏∑‡πà‡∏≠‡∏á‡∏£‡∏≤‡∏Ñ‡∏≤‡∏Ñ‡πà‡∏≠‡∏ô‡∏Ç‡πâ‡∏≤‡∏á‡∏™‡∏π‡∏á‡πÇ‡∏î‡∏¢ tsukemen 300 ‡∏Å‡∏ß‡πà‡∏≤++ ‡∏™‡πà‡∏ß‡∏ô‡∏≠‡∏µ‡∏Å2‡∏ä‡∏≤‡∏° ‡∏ä‡∏≤‡∏°‡∏•‡∏∞ 200‡∏Å‡∏ß‡πà‡∏≤‡πÜ++‡πÄ‡∏ä‡πà‡∏ô‡∏Å‡∏±‡∏ô",3,Spititana,https://www.wongnai.com/reviews/a7c0d3cee3954c9387c811bdc1d81c1e
14,"‡∏£‡∏™‡∏ä‡∏≤‡∏ï‡∏¥‡∏ç‡∏µ‡πà‡∏õ‡∏∏‡πà‡∏ô‡πÜ‡πÅ‡∏ó‡πâ
‡∏£‡∏≤‡∏Ñ‡∏≤‡∏ï‡πà‡∏≠‡∏´‡∏±‡∏ß: 251 - 500 ‡∏ö‡∏≤‡∏ó
‡πÄ‡∏°‡∏ô‡∏π‡πÄ‡∏î‡πá‡∏î: SpicyXOSui-Gyoza
‡∏£‡πâ‡∏≤‡∏ô‡∏£‡∏≤‡πÄ‡∏°‡∏ô‡∏ä‡∏∑‡πà‡∏≠‡∏î‡∏±‡∏á‡∏à‡∏≤‡∏Å‡∏ç‡∏µ‡πà‡∏õ‡∏∏‡πà‡∏ô ‡∏ö‡∏≠‡∏Å‡πÄ‡∏•‡∏¢‡πÑ‡∏°‡πà‡πÑ‡∏î‡πâ‡∏ó‡∏≥‡∏Å‡∏≤‡∏£‡∏ö‡πâ‡∏≤‡∏ô‡∏°‡∏≤‡∏´‡∏£‡∏≠‡∏Å ‡πÅ‡∏°‡πâ‡∏ß‡πà‡∏≤‡∏™‡πà‡∏ß‡∏ô‡∏ï‡∏±‡∏ß‡∏à‡∏∞‡∏ä‡∏≠‡∏ö‡∏Å‡∏¥‡∏ô‡∏£‡∏≤‡πÄ‡∏°‡∏ô‡πÅ‡∏ï‡πà‡πÑ‡∏°‡πà‡πÉ‡∏ä‡πà‡πÅ‡∏ü‡∏ô‡∏Ñ‡∏•‡∏±‡∏ö‡∏ä‡∏ô‡∏¥‡∏î‡∏ó‡∏µ‡πà‡∏£‡πâ‡∏≤‡∏ô‡πÑ‡∏´‡∏ô‡πÄ‡∏î‡πá‡∏î‡∏î‡∏±‡∏á‡∏ï‡πâ‡∏≠‡∏á‡∏ï‡∏≤‡∏°‡πÑ‡∏õ‡∏Å‡∏¥‡∏ô‡∏Ç‡∏ô‡∏≤‡∏î‡∏ô‡∏±‡πâ‡∏ô

‡∏™‡πà‡∏ß‡∏ô‡∏£‡πâ‡∏≤‡∏ô‡∏ô‡∏µ‡πâ‡πÄ‡∏´‡πá‡∏ô‡∏Æ‡∏∑‡∏≠‡∏Æ‡∏≤‡∏ï‡∏±‡πâ‡∏á‡πÅ‡∏ï‡πà‡πÅ‡∏£‡∏Å‡πÜ‡∏ó‡∏µ‡πà‡∏°‡∏≤‡πÄ‡∏õ‡∏¥‡∏î ‡∏Ñ‡∏ô‡∏Å‡πá‡πÄ‡∏´‡πà‡∏≠‡∏Å‡∏±‡∏ô‡∏ï‡∏≤‡∏°‡∏õ‡∏£‡∏∞‡∏™‡∏≤‡∏£‡∏≠‡∏Ñ‡∏¥‡∏ß‡∏¢‡∏±‡∏ô‡∏î‡∏∂‡∏Å‡∏î‡∏∑‡πà‡∏ô(‡πÄ‡∏´‡πá‡∏ô‡∏ô‡πâ‡∏≠‡∏á‡πÉ‡∏ô‡πÄ‡∏ü‡∏™‡∏Ñ‡∏≠‡∏¢‡∏≠‡∏¢‡∏π‡πà) ‡∏°‡∏∑‡πâ‡∏≠‡∏ô‡∏µ‡πâ‡πÑ‡∏î‡πâ‡∏°‡∏µ‡πÇ‡∏≠‡∏Å‡∏≤‡∏™‡∏ó‡∏≤‡∏ô‡πÄ‡∏û‡∏£‡∏≤‡∏∞‡∏≠‡∏≠‡∏Å‡πÑ‡∏õ‡∏ó‡∏≥‡∏á‡∏≤‡∏ô‡∏Ç‡πâ‡∏≤‡∏á‡∏ô‡∏≠‡∏Å ‡∏£‡πâ‡∏≤‡∏ô‡∏≠‡∏¢‡∏π‡πà‡πÉ‡∏ô‡πÇ‡∏£‡∏á‡πÅ‡∏£‡∏°‡πÄ‡∏≠‡∏£‡∏≤‡∏ß‡∏±‡∏ì ‡∏£‡∏≤‡∏ä‡∏õ‡∏£‡∏∞‡∏™‡∏á‡∏Ñ‡πå ‡∏ä‡∏±‡πâ‡∏ô‡∏ó‡∏µ‡πà‡∏°‡∏µ‡∏≠‡∏≤‡∏´‡∏≤‡∏£‡πÄ‡∏¢‡∏≠‡∏∞‡πÜ

‡∏ï‡∏±‡∏ß‡∏£‡πâ‡∏≤‡∏ô‡∏ï‡∏Å‡πÅ‡∏ï‡πà‡∏á‡πÅ‡∏ö‡∏ö‡∏ç‡∏µ‡πà‡∏õ‡∏∏‡πà‡∏ô‡πÜ ‡∏°‡∏µ‡∏ó‡∏±‡πâ‡∏á‡∏ô‡∏±‡πà‡∏á‡πÇ‡∏ï‡πä‡∏∞‡πÅ‡∏•‡∏∞‡πÄ‡∏Ñ‡∏≤‡∏ô‡πå‡πÄ‡∏ï‡∏≠‡∏£‡πå ‡∏ö‡∏≤‡∏£‡πå ‡πÄ‡∏°‡∏ô‡∏π‡∏°‡∏µ‡πÅ‡∏ï‡πà‡∏£‡∏≤‡πÄ‡∏°‡∏ô ‡πÄ‡∏û‡∏¥‡πà‡∏°‡∏°‡∏≤‡∏´‡∏ô‡πà‡∏≠‡∏¢‡πÄ‡∏õ‡πá‡∏ô‡∏ú‡∏±‡∏Å‡∏•‡∏ß‡∏Å‡πÅ‡∏•‡∏∞‡πÄ‡∏Å‡∏µ‡πä‡∏¢‡∏ß‡∏ã‡πà‡∏≤ ‡∏ä‡∏≤‡πÄ‡∏Ç‡∏µ‡∏¢‡∏ß‡∏°‡∏µ‡πÅ‡∏ö‡∏ö‡∏£‡∏µ‡∏ü‡∏¥‡∏• ‡πÅ‡∏Å‡πâ‡∏ß‡∏•‡∏∞ 50 ‡∏ö‡∏≤‡∏ó

Itto Noko Gyokai Ramen - ‡πÄ‡∏£‡∏≤‡∏Å‡∏¥‡∏ô‡∏≠‡∏±‡∏ô‡∏ô‡∏µ‡πâ ‡πÉ‡∏ô‡πÄ‡∏°‡∏ô‡∏π‡∏°‡∏µ‡∏™‡∏≤‡∏°‡∏ä‡∏±‡πâ‡∏ô ‡πÅ‡∏Æ‡∏° ‡∏≠‡∏Å‡πÑ‡∏Å‡πà ‡∏Ñ‡∏ß‡∏≤‡∏°‡∏£‡∏π‡πâ‡∏™‡∏∂‡∏Å‡πÅ‡∏£‡∏Å‡∏ó‡∏µ‡πà‡πÄ‡∏Ç‡πâ‡∏≤‡∏õ‡∏≤‡∏Å‡∏Ñ‡∏∑‡∏≠‡πÄ‡∏Ç‡πâ‡∏°‡∏Ç‡πâ‡∏ô‡∏à‡∏ô‡πÄ‡∏Ñ‡πá‡∏° ‡∏£‡∏™‡∏ä‡∏≤‡∏ï‡∏¥‡∏ç‡∏µ‡πà‡∏õ‡∏∏‡πà‡∏ô‡πÅ‡∏ó‡πâ‡πÅ‡∏ö‡∏ö‡∏ó‡∏µ‡πà‡∏ñ‡πâ‡∏≤‡∏Ñ‡∏ô‡∏ä‡∏≠‡∏ö‡∏Ñ‡∏∑‡∏≠‡∏ä‡∏≠‡∏ö‡πÄ‡∏•‡∏¢‡∏ô‡∏∞ ‡πÑ‡∏°‡πà‡∏ä‡∏≠‡∏ö‡∏Ñ‡∏∑‡∏≠‡πÄ‡∏•‡∏µ‡πà‡∏¢‡∏ô‡∏°‡∏≤‡∏Å ‡πÄ‡∏£‡∏≤‡∏ß‡πà‡∏≤‡∏ó‡∏µ‡πà‡πÄ‡∏£‡∏≤‡πÑ‡∏î‡πâ‡∏Å‡∏¥‡∏ô‡∏ô‡∏µ‡πà‡∏Ñ‡πà‡∏≠‡∏¢‡πÑ‡∏õ‡∏ó‡∏≤‡∏á‡πÄ‡∏•‡∏µ‡πà‡∏¢‡∏ô‡πÜ‡∏°‡∏≤‡∏Å‡∏Å‡∏ß‡πà‡∏≤ ‡∏Å‡πá‡∏ó‡∏≤‡∏ô‡πÑ‡∏î‡πâ‡πÅ‡∏ï‡πà‡πÑ‡∏°‡πà‡πÑ‡∏î‡πâ‡∏ß‡πâ‡∏≤‡∏ß ‡∏õ‡∏£‡∏∞‡∏ó‡∏±‡∏ö‡πÉ‡∏à‡∏Ç‡∏ô‡∏≤‡∏î‡∏ô‡∏±‡πâ‡∏ô ‡∏™‡πà‡∏ß‡∏ô‡πÄ‡∏ô‡∏∑‡πâ‡∏≠‡∏™‡∏±‡∏ï‡∏ß‡πå‡πÇ‡∏≠‡πÄ‡∏Ñ ‡∏≠‡∏£‡πà‡∏≠‡∏¢‡∏≠‡∏¢‡∏π‡πà ‡∏ô‡∏∏‡πà‡∏°‡∏°‡∏≤‡∏Å ‡πÑ‡∏Å‡πà‡∏ô‡∏µ‡πà‡∏ô‡∏∏‡πà‡∏°‡∏à‡∏ô‡πÄ‡∏´‡∏°‡∏∑‡∏≠‡∏ô‡πÑ‡∏°‡πà‡πÉ‡∏ä‡πà‡πÑ‡∏Å‡πà ‡πÄ‡∏™‡πâ‡∏ô‡∏£‡∏≤‡πÄ‡∏°‡∏ô‡∏Å‡∏•‡∏≤‡∏á‡πÜ ‡∏£‡∏≤‡∏Ñ‡∏≤‡∏ï‡πà‡∏≠‡∏ä‡∏≤‡∏°‡∏™‡∏π‡∏á‡∏°‡∏≤‡∏Å ‡∏°‡∏≤‡∏ó‡∏≤‡∏ô‡πÄ‡∏≠‡∏á‡∏Ñ‡∏á‡πÑ‡∏°‡πà‡∏™‡πÄ‡∏õ‡πá‡∏Ñ‡∏≠‡πà‡∏∞

‡πÄ‡∏Å‡∏µ‡πä‡∏¢‡∏ß‡∏ã‡πà‡∏≤ - ‡∏≠‡∏£‡πà‡∏≠‡∏¢‡∏î‡∏µ ‡πÑ‡∏™‡πâ‡∏Å‡∏•‡∏°‡∏Å‡∏•‡πà‡∏≠‡∏° ‡∏°‡∏±‡∏ô‡∏ô‡∏¥‡∏î‡∏´‡∏ô‡πà‡∏≠‡∏¢‡πÅ‡∏ï‡πà‡πÑ‡∏°‡πà‡∏°‡∏≤‡∏Å

‡πÄ‡∏°‡∏ô‡∏π‡∏≠‡∏∑‡πà‡∏ô‡πÜ‡∏ó‡∏µ‡πà‡∏ñ‡πà‡∏≤‡∏¢‡∏°‡∏≤‡πÄ‡∏õ‡πá‡∏ô‡∏Ç‡∏≠‡∏á‡∏û‡∏µ‡πà‡πÜ ‡∏•‡∏≠‡∏á‡∏ä‡∏¥‡∏°‡∏î‡∏π‡∏Å‡πá‡∏û‡∏≠‡∏ß‡πà‡∏≤‡πÅ‡∏ö‡∏ö‡πÅ‡∏¢‡∏Å‡πÄ‡∏™‡πâ‡∏ô ‡πÅ‡∏¢‡∏Å‡∏ô‡πâ‡∏≥‡∏à‡∏∞‡∏≠‡∏£‡πà‡∏≠‡∏¢‡∏Å‡∏ß‡πà‡∏≤‡πÄ‡∏û‡∏£‡∏≤‡∏∞‡πÑ‡∏°‡πà‡πÄ‡∏Ñ‡πá‡∏° ‡πÑ‡∏°‡πà‡πÄ‡∏•‡∏µ‡πà‡∏¢‡∏ô‡πÄ‡∏ó‡πà‡∏≤‡πÅ‡∏ö‡∏ö‡∏ó‡∏µ‡πà‡πÉ‡∏™‡πà‡∏ô‡πâ‡∏≥‡∏°‡∏≤‡πÄ‡∏•‡∏¢

‡∏™‡πà‡∏ß‡∏ô‡∏ï‡∏±‡∏ß‡∏Å‡πá‡∏Å‡∏¥‡∏ô‡πÉ‡∏´‡πâ‡∏£‡∏π‡πâ ‡∏Ñ‡∏ô‡∏ó‡∏µ‡πà‡∏ä‡∏≠‡∏ö‡πÅ‡∏ö‡∏ö‡∏ô‡∏µ‡πâ‡∏Å‡πá‡∏°‡∏µ ‡πÅ‡∏ï‡πà‡πÄ‡∏£‡∏≤‡πÑ‡∏°‡πà‡πÑ‡∏î‡πâ‡∏ä‡∏≠‡∏ö‡πÅ‡∏ö‡∏ö‡∏ô‡∏µ‡πâ‡∏à‡πâ‡∏≤ ‡∏°‡∏≤‡∏•‡∏≠‡∏á‡πÄ‡∏≠‡∏á‡∏î‡∏µ‡∏Å‡∏ß‡πà‡∏≤...‡∏≠‡∏¢‡πà‡∏≤‡πÄ‡∏û‡∏¥‡πà‡∏á‡πÄ‡∏ä‡∏∑‡πà‡∏≠‡πÉ‡∏Ñ‡∏£ ",3,Pearploy Stp.,https://www.wongnai.com/reviews/ef9ba86ad852402cb52fff8ec29f9a09
15,"‡πÑ‡∏°‡πà‡∏Ñ‡πà‡∏≠‡∏¢‡∏õ‡∏£‡∏∞‡∏ó‡∏±‡∏ö‡πÉ‡∏à‡∏Ñ‡πà‡∏∞‡∏Ñ‡∏£‡∏±‡πâ‡∏á‡∏ô‡∏µ‡πâ ‡πÅ‡∏≠‡∏ö‡∏ú‡∏¥‡∏î‡∏´‡∏ß‡∏±‡∏á:(
‡∏£‡∏≤‡∏Ñ‡∏≤‡∏ï‡πà‡∏≠‡∏´‡∏±‡∏ß: 251 - 500 ‡∏ö‡∏≤‡∏ó
‡πÄ‡∏°‡∏ô‡∏π‡πÄ‡∏î‡πá‡∏î: ‡πÑ‡∏Ç‡πà‡∏°‡∏∞‡∏ï‡∏π‡∏°
‚ÄòMenya Itto‚Äô ‡πÄ‡∏≠‡∏£‡∏≤‡∏ß‡∏±‡∏ì
‡∏£‡πâ‡∏≤‡∏ô‡∏£‡∏≤‡πÄ‡∏°‡∏á‡∏ó‡∏µ‡πà‡∏ä‡∏±‡πâ‡∏ô G ‡∏ï‡∏∂‡∏Å‡πÄ‡∏≠‡∏£‡∏≤‡∏ß‡∏±‡∏ì‡∏Ñ‡πà‡∏∞
‡πÄ‡∏î‡∏¥‡∏°‡∏ó‡∏µ‡πÄ‡∏Ñ‡∏¢‡∏°‡∏≤‡∏Å‡∏¥‡∏ô‡∏£‡πâ‡∏≤‡∏ô‡∏ô‡∏µ‡πâ‡∏ï‡∏±‡πâ‡∏á‡πÅ‡∏ï‡πà‡πÄ‡∏õ‡∏¥‡∏î‡πÉ‡∏´‡∏°‡πà‡πÜ‡πÄ‡∏•‡∏¢ ‡∏ï‡∏≠‡∏ô‡∏ô‡∏±‡πâ‡∏ô‡∏Ñ‡∏ô‡πÄ‡∏¢‡∏≠‡∏∞‡∏°‡∏≤‡∏Å
‡∏°‡∏≤‡∏ï‡∏±‡πâ‡∏á‡πÅ‡∏ï‡πà‡∏£‡πâ‡∏≤‡∏ô‡πÄ‡∏õ‡∏¥‡∏î‡∏ä‡πà‡∏ß‡∏á‡∏°‡∏∑‡πâ‡∏≠‡πÄ‡∏¢‡πá‡∏ô ‡∏ô‡∏±‡πà‡∏á‡∏£‡∏≠‡πÅ‡∏û‡∏£‡πä‡∏û‡∏ô‡∏∂‡∏á‡πÑ‡∏°‡πà‡∏ô‡∏≤‡∏ô‡∏Å‡πá‡πÑ‡∏î‡πâ‡πÄ‡∏Ç‡πâ‡∏≤
‡∏à‡∏≥‡πÑ‡∏î‡πâ‡∏ß‡πà‡∏≤‡∏£‡∏™‡∏ä‡∏≤‡∏ï‡∏¥‡∏°‡∏±‡∏ô‡πÄ‡∏Ñ‡πá‡∏°‡πÄ‡∏Ç‡πâ‡∏°‡∏Ç‡πâ‡∏ô‡∏î‡∏µ ‡∏ß‡∏±‡∏ô‡∏ô‡∏±‡πâ‡∏ô‡∏ô‡πà‡∏≤‡∏à‡∏∞‡πÄ‡∏à‡∏≠‡πÄ‡∏à‡πâ‡∏≤‡∏Ç‡∏≠‡∏á‡∏£‡πâ‡∏≤‡∏ô‡∏î‡πâ‡∏ß‡∏¢
‡∏°‡∏≤‡∏™‡∏ß‡∏±‡∏™‡∏î‡∏µ‡∏Ç‡∏≠‡∏ö‡∏Ñ‡∏∏‡∏ì‡∏ó‡∏µ‡πà‡∏°‡∏≤‡∏Å‡∏¥‡∏ô‡∏ó‡∏µ‡πà‡∏£‡πâ‡∏≤‡∏ô‡∏≠‡∏¢‡∏π‡πà‡πÄ‡∏•‡∏¢

‡∏û‡∏≠‡∏î‡∏µ‡∏ß‡∏±‡∏ô‡∏ô‡∏µ‡πâ‡∏≠‡∏¢‡∏π‡πà‡πÜ‡∏Å‡πá‡∏≠‡∏¢‡∏≤‡∏Å‡∏Å‡∏¥‡∏ô‡∏£‡∏≤‡πÄ‡∏°‡∏á‡∏Ç‡∏∂‡πâ‡∏ô‡∏°‡∏≤ ‡∏•‡∏∞‡∏Å‡πá‡πÑ‡∏°‡πà‡πÑ‡∏î‡πâ‡∏°‡∏≤‡∏£‡πâ‡∏≤‡∏ô‡∏ô‡∏µ‡πâ‡∏ô‡∏≤‡∏ô‡πÅ‡∏•‡πâ‡∏ß
‡πÄ‡∏•‡∏¢‡∏ï‡∏±‡∏î‡∏™‡∏¥‡∏ô‡πÉ‡∏à‡∏°‡∏≤‡∏Å‡∏¥‡∏ô‡∏Å‡∏±‡∏ô‡∏Ñ‡πà‡∏∞:)

‡∏ñ‡πâ‡∏≤‡∏à‡∏∞‡∏°‡∏≤‡∏Å‡∏¥‡∏ô‡∏£‡πâ‡∏≤‡∏ô‡∏ô‡∏µ‡πâ ‡∏™‡∏≤‡∏°‡∏≤‡∏£‡∏ñ‡∏à‡∏≠‡∏î‡∏£‡∏ñ‡πÑ‡∏î‡πâ‡∏ó‡∏µ‡πà‡∏ï‡∏∂‡∏Å‡πÄ‡∏≠‡∏£‡∏≤‡∏ß‡∏±‡∏ì‡πÄ‡∏•‡∏¢‡∏Ñ‡πà‡∏∞
‡∏•‡∏∞‡∏°‡∏≤‡∏õ‡∏±‡πä‡∏°‡∏ö‡∏±‡∏ï‡∏£‡∏à‡∏≠‡∏î‡∏£‡∏ñ‡πÑ‡∏î‡πâ‡∏ó‡∏µ‡πà‡∏£‡πâ‡∏≤‡∏ô‡∏≠‡∏≤‡∏´‡∏≤‡∏£‡πÄ‡∏•‡∏¢

‡∏ß‡∏±‡∏ô‡∏ô‡∏µ‡πâ‡πÄ‡∏≠‡πä‡∏∞‡∏°‡∏≤‡∏Å‡∏±‡∏ô 4‡∏Ñ‡∏ô‡∏Ñ‡πà‡∏∞ ‡πÄ‡∏•‡∏¢‡∏™‡∏±‡πà‡∏á‡∏°‡∏≤‡∏Ñ‡∏ô‡∏•‡∏∞‡∏≠‡∏¢‡πà‡∏≤‡∏á‡πÄ‡∏•‡∏¢
‡∏°‡∏≤‡∏≠‡∏¢‡πà‡∏≤‡∏á‡∏´‡∏¥‡∏ß‡∏Å‡∏±‡∏ô‡πÄ‡∏•‡∏¢ ‡πÄ‡∏£‡∏¥‡πà‡∏°‡∏ï‡πâ‡∏ô‡∏ó‡∏µ‡πà ‚Äò‡πÄ‡∏Å‡∏µ‡πä‡∏¢‡∏ß‡∏ã‡πà‡∏≤‚Äô ‡∏Ñ‡πà‡∏∞
‡πÄ‡∏õ‡πá‡∏ô‡πÄ‡∏Å‡∏µ‡πä‡∏¢‡∏ß‡∏ã‡πà‡∏≤‡∏ó‡∏≠‡∏î ‡∏°‡∏≤ 5‡∏ä‡∏¥‡πâ‡∏ô‡πÄ‡∏•‡πá‡∏Å‡πÜ ‡∏ñ‡πâ‡∏≤‡∏´‡∏¥‡∏ß‡∏°‡∏≤‡∏Å‡πÜ ‡∏Ñ‡∏ô‡πÄ‡∏î‡∏µ‡∏¢‡∏ß‡∏Å‡πá‡∏´‡∏°‡∏î‡∏ô‡∏∞‡∏Ñ‡∏∞ ‡∏Æ‡πà‡∏≤‡πÜ
‡∏ä‡∏¥‡πâ‡∏ô‡∏û‡∏≠‡∏î‡∏µ‡∏Ñ‡∏≥‡πÄ‡∏•‡∏¢ ‡πÅ‡∏õ‡πâ‡∏á‡∏ö‡∏≤‡∏á‡πÉ‡∏ä‡πâ‡πÑ‡∏î‡πâ ‡πÅ‡∏ï‡πà‡πÑ‡∏™‡πâ‡∏Ñ‡πà‡∏≠‡∏ô‡∏Ç‡πâ‡∏≤‡∏á‡∏ô‡πâ‡∏≠‡∏¢‡∏Ñ‡πà‡∏∞
‡∏ô‡πâ‡∏≥‡∏à‡∏¥‡πâ‡∏°‡∏ï‡∏≤‡∏°‡∏°‡∏≤‡∏ï‡∏£‡∏ê‡∏≤‡∏ô ‡∏™‡∏≥‡∏´‡∏£‡∏±‡∏ö‡∏à‡∏≤‡∏ô‡∏ô‡∏µ‡πâ‡∏£‡∏™‡∏ä‡∏≤‡∏ï‡∏¥‡∏ñ‡∏∑‡∏≠‡∏ß‡πà‡∏≤‡πÉ‡∏ä‡πâ‡πÑ‡∏î‡πâ‡∏Ñ‡πà‡∏∞

‚ÄòChashu Itto Tsukemen‚Äô 350‡∏ø
‡∏ä‡∏≤‡∏°‡∏ô‡∏µ‡πâ‡∏ó‡∏≤‡∏á‡∏£‡πâ‡∏≤‡∏ô‡∏Ç‡∏∂‡πâ‡∏ô‡∏ä‡∏∑‡πà‡∏≠‡∏ß‡πà‡∏≤‡πÄ‡∏õ‡πá‡∏ô signature ‡πÄ‡∏•‡∏¢‡∏ô‡∏∞‡∏Ñ‡∏∞
‡∏ä‡∏≤‡∏°‡∏ô‡∏µ‡πâ‡∏à‡∏∞‡πÄ‡∏™‡∏¥‡∏£‡πå‡∏ü‡πÄ‡∏õ‡πá‡∏ô‡πÄ‡∏™‡πâ‡∏ô‡πÅ‡∏ö‡∏ö‡∏´‡∏ô‡∏≤‡∏Å‡∏ß‡πà‡∏≤‡∏ä‡∏≤‡∏°‡∏≠‡∏∑‡πà‡∏ô‡∏Ñ‡πà‡∏∞ ‡∏°‡∏≤‡πÅ‡∏ö‡∏ö‡πÄ‡∏¢‡πá‡∏ô
‡∏û‡∏£‡πâ‡∏≠‡∏°‡∏ô‡πâ‡∏≥‡∏ã‡∏∏‡∏õ ‡∏ã‡∏∂‡πà‡∏á‡πÄ‡∏õ‡πá‡∏ô‡∏ô‡πâ‡∏≥‡∏ã‡∏∏‡∏õ‡∏ó‡∏µ‡πà‡πÄ‡∏Ñ‡∏µ‡πà‡∏¢‡∏ß‡∏à‡∏≤‡∏Å‡πÑ‡∏Å‡πà ‡∏õ‡∏•‡∏≤ ‡∏Å‡∏∏‡πâ‡∏á ‡πÅ‡∏•‡∏∞‡∏´‡∏≠‡∏¢‡πÄ‡∏ä‡∏•‡∏•‡πå
‡πÄ‡∏Ñ‡∏µ‡πà‡∏¢‡∏ß‡∏ô‡∏≤‡∏ô‡∏ñ‡∏∂‡∏á 18‡∏ä‡∏°.‡πÄ‡∏ä‡∏µ‡∏¢‡∏ß‡∏ô‡∏∞ ‡∏≠‡∏≠‡∏Å‡∏°‡∏≤‡∏•‡∏∞‡∏£‡∏™‡∏ä‡∏≤‡∏ï‡∏¥‡∏≠‡∏≠‡∏Å‡∏ó‡∏≤‡∏á‡πÄ‡∏Ç‡πâ‡∏°‡∏Ç‡πâ‡∏ô
‡πÅ‡∏•‡∏∞‡∏Ñ‡πà‡∏≠‡∏ô‡∏Ç‡πâ‡∏≤‡∏á‡πÄ‡∏Ñ‡πá‡∏°‡πÄ‡∏•‡∏¢‡∏Ñ‡πà‡∏∞ ‡πÄ‡∏ß‡∏•‡∏≤‡∏Å‡∏¥‡∏ô‡∏à‡∏∞‡∏Å‡∏¥‡∏ô‡πÅ‡∏ö‡∏ö‡∏´‡∏°‡∏µ‡πà‡πÄ‡∏¢‡πá‡∏ô‡πÄ‡∏•‡∏¢ ‡∏à‡∏¥‡πâ‡∏°‡∏à‡∏∏‡πà‡∏°‡∏ã‡∏π‡∏î
‡∏•‡∏∞‡∏ô‡πâ‡∏≥‡∏ã‡∏∏‡∏õ‡πÄ‡∏Ç‡πâ‡∏°‡∏Ç‡πâ‡∏ô‡∏ó‡∏µ‡πà‡∏°‡∏≤‡πÄ‡∏ô‡∏µ‡πà‡∏¢ ‡πÄ‡∏£‡∏≤‡∏à‡∏∞‡∏™‡∏≤‡∏°‡∏≤‡∏£‡πÄ‡∏ï‡∏¥‡∏°‡∏ô‡πâ‡∏≥‡∏ã‡∏∏‡∏õ‡πÉ‡∏™
‡∏ã‡∏∂‡πà‡∏á‡∏ó‡∏≤‡∏á‡∏£‡πâ‡∏≤‡∏ô‡πÄ‡∏ï‡∏£‡∏µ‡∏¢‡∏°‡πÉ‡∏™‡πà‡πÄ‡∏´‡∏¢‡∏∑‡∏≠‡∏Å‡πÑ‡∏ß‡πâ‡∏ó‡∏µ‡πà‡πÇ‡∏ï‡πä‡∏∞‡πÅ‡∏•‡πâ‡∏ß‡∏•‡∏á‡πÑ‡∏õ‡πÄ‡∏û‡∏∑‡πà‡∏≠‡πÄ‡∏à‡∏∑‡∏≠‡∏à‡∏≤‡∏á‡πÑ‡∏î‡πâ‡∏≠‡∏µ‡∏Å‡∏Ñ‡πà‡∏∞
‡∏ã‡∏∂‡πà‡∏á‡∏à‡∏∞‡∏™‡∏≤‡∏°‡∏≤‡∏£‡∏ñ‡∏ó‡∏≥‡πÉ‡∏´‡πâ‡πÄ‡∏£‡∏≤‡∏ã‡∏î‡πÑ‡∏î‡πâ‡∏Ñ‡∏•‡πà‡∏≠‡∏á‡∏Ñ‡∏≠‡∏°‡∏≤‡∏Å‡∏Ç‡∏∂‡πâ‡∏ô
‡πÄ‡∏ã‡∏ï‡∏ô‡∏µ‡πâ‡∏°‡∏µ‡πÄ‡∏ô‡∏∑‡πâ‡∏≠‡∏´‡∏°‡∏π‡∏°‡∏≤‡πÉ‡∏´‡πâ ‡πÅ‡∏•‡∏∞‡∏°‡∏µ‡∏•‡∏π‡∏Å‡∏ä‡∏¥‡πâ‡∏ô‡∏´‡∏°‡∏π‡∏™‡∏±‡∏ö‡∏°‡∏≤‡πÉ‡∏ô‡∏ô‡πâ‡∏≥‡∏ã‡∏∏‡∏õ
‡πÅ‡∏•‡∏∞‡∏°‡∏µ‡∏û‡∏£‡∏¥‡∏Å‡∏ö‡πà‡∏ô‡∏°‡∏≤‡∏Ñ‡∏π‡πà‡∏î‡πâ‡∏ß‡∏¢
‡∏£‡∏™‡∏ä‡∏≤‡∏ï‡∏¥‡πÄ‡∏Ç‡πâ‡∏°‡∏Ç‡πâ‡∏ô‡∏°‡∏≤‡∏Å‡∏ñ‡∏∂‡∏á‡∏Ç‡∏±‡πâ‡∏ô‡πÄ‡∏Ñ‡πá‡∏°‡πÄ‡∏•‡∏¢‡∏Ñ‡πà‡∏∞‡∏ß‡∏±‡∏ô‡∏ô‡∏µ‡πâ ‡πÄ‡∏™‡πâ‡∏ô‡πÅ‡∏Ç‡πá‡∏á‡πÑ‡∏õ‡∏´‡∏ô‡πà‡∏≠‡∏¢
‡∏ï‡∏±‡∏ß‡∏´‡∏°‡∏π‡∏ß‡∏±‡∏ô‡∏ô‡∏µ‡πâ‡πÑ‡∏°‡πà‡∏Ñ‡πà‡∏≠‡∏¢‡∏≠‡∏£‡πà‡∏≠‡∏¢‡πÄ‡∏ó‡πà‡∏≤‡πÑ‡∏£ ‡πÄ‡∏ô‡∏∑‡πâ‡∏≠‡∏´‡∏°‡∏π‡∏ô‡∏¥‡πà‡∏°‡∏à‡∏£‡∏¥‡∏á ‡πÅ‡∏ï‡πà‡πÑ‡∏°‡πà‡∏Ñ‡πà‡∏≠‡∏¢‡∏°‡∏µ‡∏£‡∏™‡∏ä‡∏≤‡∏ï‡∏¥‡πÄ‡∏•‡∏¢‡∏Ñ‡πà‡∏∞

‚ÄòChashu Noko Gyokai Ramen‚Äô 240‡∏ø
‡∏ä‡∏≤‡∏°‡∏ô‡∏µ‡πâ‡πÄ‡∏õ‡πá‡∏ô‡∏•‡∏±‡∏Å‡∏≤‡∏£‡∏∞‡∏ô‡πâ‡∏≥‡∏ã‡∏∏‡∏õ‡πÄ‡∏Ç‡πâ‡∏°‡∏Ç‡πâ‡∏ô ‡πÄ‡∏™‡πâ‡∏ô‡∏ô‡∏¥‡πà‡∏°‡∏Å‡∏ß‡πà‡∏≤‡∏ä‡∏≤‡∏°‡πÅ‡∏£‡∏Å‡∏Ñ‡πà‡∏∞ ‡πÄ‡∏Ñ‡πá‡∏°‡πÑ‡∏°‡πà‡πÄ‡∏ó‡πà‡∏≤
‡∏°‡∏µ‡∏Å‡∏•‡∏¥‡πà‡∏ô‡∏õ‡∏•‡∏≤‡πÅ‡∏´‡πâ‡∏á (‡∏ã‡∏µ‡∏ü‡∏π‡πä‡∏ï) ‡∏Ñ‡πà‡∏≠‡∏ô‡∏Ç‡πâ‡∏≤‡∏á‡πÅ‡∏£‡∏á‡∏´‡∏ô‡πà‡∏≠‡∏¢
‡πÄ‡∏ô‡∏∑‡πâ‡∏≠‡∏´‡∏°‡∏π‡πÅ‡∏•‡∏∞‡πÑ‡∏Å‡πà‡∏Å‡πá‡∏ñ‡∏∑‡∏≠‡∏ß‡πà‡∏≤‡πÑ‡∏°‡πà‡∏Ñ‡πà‡∏≠‡∏¢‡∏≠‡∏£‡πà‡∏≠‡∏¢‡πÄ‡∏´‡∏°‡∏∑‡∏≠‡πÄ‡∏î‡∏¥‡∏°‡∏Ñ‡πà‡∏∞
‡∏Ñ‡πà‡∏≠‡∏ô‡∏Ç‡πâ‡∏≤‡∏á‡∏ú‡∏¥‡∏î‡∏´‡∏ß‡∏±‡∏á

‚ÄòChashu Shio Ramen‚Äô 280‡∏ø
‡∏≠‡∏±‡∏ô‡∏ô‡∏µ‡πâ‡∏£‡∏≤‡πÄ‡∏°‡∏á‡∏£‡∏™‡πÄ‡∏Å‡∏•‡∏∑‡∏≠‡∏Ñ‡πà‡∏∞ ‡πÄ‡∏™‡πâ‡∏ô‡∏ô‡∏¥‡πà‡∏°‡∏´‡∏ô‡πà‡∏≠‡∏¢ ‡∏ô‡πâ‡∏≥‡∏ã‡∏∏‡∏õ‡πÉ‡∏™‡πÜ ‡∏Å‡∏¥‡∏ô‡∏á‡πà‡∏≤‡∏¢
‡πÄ‡∏ô‡∏∑‡πâ‡∏≠‡∏´‡∏°‡∏π‡πÅ‡∏•‡∏∞‡πÑ‡∏Å‡πà‡∏Å‡πá‡∏ñ‡∏∑‡∏≠‡∏ß‡πà‡∏≤‡πÑ‡∏°‡πà‡∏Ñ‡πà‡∏≠‡∏¢‡∏≠‡∏£‡πà‡∏≠‡∏¢‡πÄ‡∏´‡∏°‡∏∑‡∏≠‡πÄ‡∏î‡∏¥‡∏°‡∏Ñ‡πà‡∏∞
‡∏ä‡∏≤‡∏°‡∏ô‡∏µ‡πâ‡∏ñ‡∏∑‡∏≠‡∏ß‡πà‡∏≤‡∏î‡∏µ‡∏™‡∏∏‡∏î‡πÉ‡∏ô‡∏ó‡∏±‡πâ‡∏á‡∏´‡∏°‡∏î 3‡∏ä‡∏≤‡∏°‡∏Ñ‡πà‡∏∞

‚Äò‡∏Ç‡πâ‡∏≤‡∏ß‡∏´‡∏ô‡πâ‡∏≤‡∏´‡∏°‡∏π‡∏ä‡∏≤‡∏ä‡∏π‡πÑ‡∏Ç‡πà‡∏≠‡∏≠‡∏ô‡πÄ‡∏ã‡πá‡∏ô‚Äô
‡∏ä‡∏≤‡∏°‡∏ô‡∏µ‡πâ‡∏ä‡∏¥‡∏°‡πÑ‡∏õ‡∏Ñ‡∏≥‡∏ô‡∏∂‡∏á‡∏Ñ‡πà‡∏∞ ‡∏Ñ‡∏∏‡∏ì‡∏û‡πà‡∏≠‡∏Å‡∏¥‡∏ô‡∏à‡∏≤‡∏ô‡∏ô‡∏µ‡πâ‡∏ö‡∏≠‡∏Å‡∏ß‡πà‡∏≤‡∏≠‡∏£‡πà‡∏≠‡∏¢‡∏î‡∏µ‡∏ô‡∏∞‡∏Ñ‡∏∞
‡∏ä‡∏¥‡∏°‡πÄ‡∏≠‡∏á‡∏•‡∏∞‡∏™‡πà‡∏ß‡∏ô‡∏ï‡∏±‡∏ß‡∏Ñ‡∏¥‡∏î‡∏ß‡πà‡∏≤‡∏´‡∏ß‡∏≤‡∏ô‡πÑ‡∏õ‡∏´‡∏ô‡πà‡∏≠‡∏¢ ‡πÅ‡∏ï‡πà‡∏ñ‡∏∑‡∏≠‡∏ß‡πà‡∏≤‡πÇ‡∏≠‡πÄ‡∏Ñ‡∏≠‡∏¢‡∏π‡πà‡∏ô‡∏∞‡∏Ñ‡∏∞

‡∏™‡∏¥‡πà‡∏á‡∏ó‡∏µ‡πà‡πÄ‡∏≠‡πä‡∏∞‡∏ä‡∏≠‡∏ö‡∏ó‡∏µ‡πà‡∏™‡∏∏‡∏î‡πÉ‡∏ô‡∏ß‡∏±‡∏ô‡∏ô‡∏µ‡πâ ‡∏Ñ‡∏∑‡∏≠ ‡πÑ‡∏Ç‡πà‡∏ï‡πâ‡∏° ‡∏Ñ‡πà‡∏∞
‡∏ó‡∏≥‡∏°‡∏≤‡πÑ‡∏î‡πâ‡∏î‡∏µ ‡∏™‡∏∏‡∏Å‡∏Å‡∏≥‡∏•‡∏±‡∏á‡∏î‡∏µ ‡πÅ‡∏•‡∏∞‡∏£‡∏™‡∏ä‡∏≤‡∏ï‡∏¥‡πÄ‡∏Ñ‡πá‡∏°‡∏ô‡∏¥‡∏î‡πÜ ‡∏≠‡∏£‡πà‡∏≠‡∏¢‡∏î‡∏µ‡∏Ñ‡πà‡∏∞

‡∏™‡∏£‡∏∏‡∏õ‡∏ß‡πà‡∏≤‡∏£‡πâ‡∏≤‡∏ô‡∏ô‡∏µ‡πâ‡πÄ‡∏≠‡πä‡∏∞‡πÑ‡∏°‡πà‡∏Ñ‡πà‡∏≠‡∏¢‡∏õ‡∏£‡∏∞‡∏ó‡∏±‡∏ö‡πÉ‡∏à‡πÄ‡∏•‡∏¢‡∏Ñ‡πà‡∏∞
‡∏£‡∏™‡∏ä‡∏≤‡∏ï‡∏¥‡πÄ‡∏õ‡∏•‡∏µ‡πà‡∏¢‡∏ô‡πÑ‡∏õ‡∏à‡∏≤‡∏Å‡∏ß‡∏±‡∏ô‡πÅ‡∏£‡∏Å‡∏ó‡∏µ‡πà‡πÄ‡∏Ñ‡∏¢‡∏Å‡∏¥‡∏ô
‡∏Ñ‡∏¥‡∏î‡∏ß‡πà‡∏≤‡∏Ñ‡∏á‡∏°‡∏≤‡∏£‡∏≠‡∏ö‡∏ô‡∏µ‡πâ‡∏•‡∏∞‡∏û‡∏≠‡∏•‡∏∞‡∏Ñ‡πà‡∏∞:)",2,aaeaae,https://www.wongnai.com/reviews/f16050f969444962bc3052d00eae1a4d
16,"‡∏Ñ‡∏∏‡∏ì‡∏†‡∏≤‡∏û‡∏ï‡∏Å‡∏à‡∏ô‡∏ô‡πà‡∏≤‡∏Å‡∏•‡∏±‡∏ß
‡∏£‡∏≤‡∏Ñ‡∏≤‡∏ï‡πà‡∏≠‡∏´‡∏±‡∏ß: 251 - 500 ‡∏ö‡∏≤‡∏ó
‡πÄ‡∏°‡∏ô‡∏π‡πÄ‡∏î‡πá‡∏î: TsukemenNoodles
‡∏à‡∏≤‡∏Å‡πÉ‡∏à‡∏Ñ‡∏ô‡∏ä‡∏≠‡∏ö‡∏ó‡∏≤‡∏ô Ramen
‡πÄ‡∏°‡∏∑‡∏≠‡∏Å‡πà‡∏≠‡∏ô‡∏ï‡∏≠‡∏ô‡∏°‡∏≤‡πÑ‡∏ó‡∏¢‡πÅ‡∏£‡∏Å‡πÜ Menya Itto ‡∏î‡∏µ‡∏Å‡∏ß‡πà‡∏≤‡∏ô‡∏µ‡πâ‡∏°‡∏≤‡∏Å‡πÜ 30-50%
‡∏ï‡∏≠‡∏ô‡∏ô‡∏µ‡πâ‡∏£‡∏π‡πâ‡∏™‡∏∂‡∏Å‡∏£‡∏™‡∏ä‡∏≤‡∏ï‡∏¥‡∏ï‡∏Å‡∏•‡∏á‡πÑ‡∏õ‡πÄ‡∏¢‡∏≠‡∏∞

‡∏ô‡πâ‡∏≥‡∏ã‡∏∏‡∏õ‡πÄ‡∏Ç‡πâ‡∏°‡∏Ç‡πâ‡∏ô‡∏ó‡∏µ‡πà‡∏ó‡∏≥‡∏°‡∏≤‡∏ß‡∏±‡∏ô‡∏ô‡∏µ‡πâ ‡πÄ‡∏Ñ‡πá‡∏°‡∏°‡∏≤‡∏Å ‡∏°‡∏±‡∏ô‡πÑ‡∏°‡πà‡∏°‡∏µ‡∏°‡∏¥‡∏ï‡∏¥ ‡∏Ñ‡∏ß‡∏≤‡∏°‡∏°‡∏±‡∏ô‡∏Å‡∏•‡∏°‡∏Å‡∏•‡πà‡∏≠‡∏°‡πÄ‡∏´‡∏°‡∏∑‡∏≠‡∏ô‡∏™‡∏π‡∏ï‡∏£‡πÄ‡∏î‡∏¥‡∏°‡∏´‡∏•‡∏á‡πÄ‡∏´‡∏•‡∏∑‡∏≠‡πÄ‡∏•‡∏¢

‡∏™‡πà‡∏ß‡∏ô‡πÄ‡∏™‡πâ‡∏ô ‡∏£‡πâ‡∏≤‡∏ô‡∏ô‡∏µ‡πâ‡∏ó‡∏≥‡πÑ‡∏î‡πâ‡∏î‡∏µ‡∏≠‡∏¢‡∏π‡πà‡∏•‡∏∞ ‡∏ô‡πà‡∏≤‡∏à‡∏∞‡πÄ‡∏õ‡πá‡∏ô‡πÄ‡∏™‡πâ‡∏ô‡∏ô‡∏≥‡πÄ‡∏Ç‡πâ‡∏≤‡∏°‡∏≤
‡∏´‡∏°‡∏π‡∏Å‡πá‡∏°‡∏≤‡∏ï‡∏£‡∏ê‡∏≤‡∏ô ‡∏õ‡∏≤‡∏ô‡∏Å‡∏•‡∏≤‡∏á
‡∏•‡∏π‡∏Å‡∏ä‡∏¥‡πâ‡∏ô‡πÄ‡∏ô‡∏∑‡πâ‡∏≠‡πÑ‡∏Å‡πà‡∏Å‡πá‡∏õ‡∏≤‡∏ô‡∏Å‡∏•‡∏≤‡∏á

‡∏ú‡∏°‡πÉ‡∏´‡πâ‡πÄ‡∏´‡∏•‡∏∑‡∏≠ 1 ‡∏î‡∏≤‡∏ß‡πÄ‡∏û‡∏£‡∏≤‡∏∞‡∏°‡∏≤‡∏ï‡∏£‡∏ê‡∏≤‡∏ô‡∏ï‡∏Å‡πÑ‡∏õ‡πÄ‡∏¢‡∏≠‡∏∞ ‡∏à‡∏≤‡∏Å 3-4 ‡∏î‡∏≤‡∏ß

‡∏°‡∏±‡∏ô‡πÑ‡∏°‡πà‡∏°‡∏µ‡πÄ‡∏™‡∏ô‡πà‡∏´‡πå‡∏´‡∏•‡∏á‡πÄ‡∏´‡∏•‡∏∑‡∏≠‡πÅ‡∏•‡πâ‡∏ß
‡∏™‡πà‡∏ß‡∏ô‡∏ó‡∏µ‡πà‡∏à‡∏≠‡∏î‡∏£‡∏ñ ‡∏£‡∏£ Erawan ‡∏´‡∏°‡∏∏‡∏ô‡∏£‡∏ñ‡∏ï‡πâ‡∏≠‡∏á‡∏£‡∏∞‡∏ß‡∏±‡∏á‡∏Ñ‡∏£‡∏±‡∏ö ‡πÇ‡∏Ñ‡πâ‡∏á‡πÅ‡∏Ñ‡∏ö‡∏°‡∏≤‡∏Å
‡∏≠‡∏≤‡∏£‡∏°‡∏ì‡πå ‡∏£‡∏£ ‡πÄ‡∏Å‡πà‡∏≤ 30 ‡∏õ‡∏µ‡∏≠‡∏±‡∏û",1,‚ÑïŒ±—èœÖ”ôc–ΩŒ±‚ôïNa,https://www.wongnai.com/reviews/7013cad7a6d74a9e8962652e8451a923
17,"‡πÄ‡∏Ñ‡πá‡∏°‡∏°‡∏≤‡∏Å‡∏Å‡∏Å‡∏Å‡∏Å‡∏Å‡∏Å‡∏Å‡∏Å‡∏Å‡∏Å‡∏Å ‡∏ó‡∏≤‡∏ô Chashu shio ramen ‡πÄ‡∏Ñ‡πá‡∏°‡∏°‡∏≤‡∏Å‡∏Å‡∏Å‡∏Å‡∏Å‡∏Å ‡∏´‡∏°‡∏π‡∏ä‡∏≤‡∏ä‡∏π‡∏ô‡∏∏‡πà‡∏°‡∏î‡∏µ ‡πÅ‡∏ï‡πà‡∏ô‡∏±‡πà‡∏á‡πÑ‡∏î‡πâ‡πÇ‡∏ï‡πä‡∏∞‡∏•‡∏∞‡∏Ñ‡∏ô‡∏ô‡∏∞‡∏Ñ‡∏∞ ‡πÑ‡∏°‡πà‡πÄ‡∏´‡∏°‡∏≤‡∏∞‡∏Å‡∏±‡∏ö‡∏°‡∏≤‡∏Å‡∏±‡∏ö‡πÄ‡∏û‡∏∑‡πà‡∏≠‡∏ô‡∏ù‡∏π‡∏á
‡πÄ‡∏°‡∏ô‡∏π‡πÄ‡∏î‡πá‡∏î: ChashuShioRamen",3,Lin Radchaporn,https://www.wongnai.com/reviews/c14acd019cdd4d4d989dfefa85c9b375?ref=ct
18,"‡∏£‡∏≤‡πÄ‡∏°‡∏ô‡πÄ‡∏à‡πâ‡∏≤‡∏î‡∏±‡∏á‡∏≠‡∏±‡∏ô‡∏î‡∏±‡∏ö 1 ‡πÉ‡∏ô‡πÇ‡∏ï‡πÄ‡∏Å‡∏µ‡∏¢‡∏ß‡∏™‡∏π‡πà‡∏™‡∏≤‡∏Ç‡∏≤‡∏Å‡∏£‡∏∏‡∏á‡πÄ‡∏ó‡∏û
‡∏£‡∏≤‡∏Ñ‡∏≤‡∏ï‡πà‡∏≠‡∏´‡∏±‡∏ß: 251 - 500 ‡∏ö‡∏≤‡∏ó
‡πÄ‡∏°‡∏ô‡∏π‡πÄ‡∏î‡πá‡∏î: Tamago, RosuChashu, SpicyXOSui-Gyoza, Chashu Noko Gyokai Ramen, ‡πÑ‡∏Ç‡πà‡∏°‡∏∞‡∏ï‡∏π‡∏°, Asahi Draft Beer
‡∏£‡πâ‡∏≤‡∏ô‡∏ô‡∏µ‡πâ‡πÄ‡∏õ‡πá‡∏ô‡∏£‡πâ‡∏≤‡∏ô‡∏£‡∏≤‡πÄ‡∏°‡∏ô‡πÄ‡∏à‡πâ‡∏≤‡∏î‡∏±‡∏á‡∏°‡∏≤‡∏Å ‡πÄ‡∏Ñ‡πâ‡∏≤‡∏ö‡∏≠‡∏Å‡∏Å‡∏±‡∏ô‡∏ß‡πà‡∏≤‡πÄ‡∏õ‡πá‡∏ô‡∏£‡πâ‡∏≤‡∏ô‡∏£‡∏≤‡πÄ‡∏°‡∏ô‡∏≠‡∏±‡∏ô‡∏î‡∏±‡∏ö 1 ‡πÉ‡∏ô‡πÇ‡∏ï‡πÄ‡∏Å‡∏µ‡∏¢‡∏ß üáØüáµ ‡πÅ‡∏•‡∏∞‡πÑ‡∏î‡πâ‡∏°‡∏≤‡πÄ‡∏õ‡∏¥‡∏î‡∏™‡∏≤‡∏Ç‡∏≤‡∏ó‡∏µ‡πà‡∏Å‡∏£‡∏∏‡∏á‡πÄ‡∏ó‡∏û (‡πÄ‡∏û‡∏¥‡πà‡∏á‡πÄ‡∏õ‡∏¥‡∏î‡πÄ‡∏°‡∏∑‡πà‡∏≠ ‡πÄ‡∏î‡∏∑‡∏≠‡∏ô ‡∏Å‡∏£‡∏Å‡∏é‡∏≤‡∏Ñ‡∏° 2560) ‡∏Ñ‡∏ô‡∏ï‡πà‡∏≠‡∏Ñ‡∏¥‡∏ß‡∏Å‡∏±‡∏ô‡πÄ‡∏ï‡πá‡∏°‡πÄ‡∏û‡∏∑‡πà‡∏≠‡πÉ‡∏´‡πâ‡πÑ‡∏î‡πâ‡∏Å‡∏¥‡∏ô‡∏£‡∏≤‡πÄ‡∏°‡∏ô‡∏≠‡∏±‡∏ô‡πÇ‡∏î‡πà‡∏á‡∏î‡∏±‡∏á
Itto Noko Gyokai Tsukemen ‡∏•‡∏≠‡∏á‡∏™‡∏±‡πà‡∏á‡πÄ‡∏°‡∏ô‡∏ô‡∏π‡∏ô‡∏µ‡πâ‡∏°‡∏≤‡∏ó‡∏≤‡∏ô ‡πÄ‡∏õ‡πá‡∏ô‡∏Å‡∏≤‡∏ô‡∏ó‡∏≤‡∏ô‡∏£‡∏≤‡πÄ‡∏°‡∏ô‡πÅ‡∏ö‡∏ö‡πÄ‡∏≠‡∏≤‡πÄ‡∏™‡πâ‡∏ô‡∏£‡∏≤‡πÄ‡∏°‡∏ô‡∏ó‡∏µ‡πà‡∏•‡∏ß‡∏Å‡πÅ‡∏´‡πâ‡∏á‡∏°‡∏≤ ‡∏à‡∏∏‡πà‡∏°‡∏Å‡∏±‡∏ö‡∏ô‡πâ‡∏≥‡∏ã‡∏∏‡∏õ‡∏£‡∏≤‡πÄ‡∏°‡∏ô‡∏ó‡∏µ‡πà‡πÉ‡∏™‡πà‡∏°‡∏≤‡πÅ‡∏¢‡∏Å‡∏ñ‡πâ‡∏ß‡∏¢ ‡∏Ñ‡∏ß‡∏≤‡∏°‡∏≠‡∏£‡πà‡∏≠‡∏¢‡∏≠‡∏¢‡∏π‡πà‡∏ï‡∏£‡∏á‡∏ô‡πâ‡∏≥‡∏ã‡∏∏‡∏õ‡∏™‡∏≥‡∏´‡∏£‡∏±‡∏ö‡∏à‡∏∏‡πà‡∏°‡πÄ‡∏™‡πâ‡∏ô‡∏£‡∏≤‡πÄ‡∏°‡∏ô ‡∏ó‡∏µ‡πà‡∏°‡∏µ‡∏Ñ‡∏ß‡∏≤‡∏°‡πÄ‡∏Ç‡πâ‡∏°‡∏Ç‡πâ‡∏ô ‡πÅ‡∏ö‡∏ö‡∏ç‡∏µ‡πà‡∏õ‡∏∏‡πà‡∏ô‡∏°‡∏≤‡∏Å ‡πÅ‡∏ï‡πà‡∏û‡∏≠‡∏ó‡∏≤‡∏ô‡πÑ‡∏õ‡∏°‡∏≤‡∏Å‡πÜ‡πÄ‡∏à‡∏≠‡∏Å‡∏±‡∏ö‡∏•‡∏¥‡πâ‡∏ô‡∏Ñ‡∏ô‡πÑ‡∏ó‡∏¢‡∏Å‡πá‡∏≠‡∏≤‡∏à‡πÄ‡∏•‡∏µ‡πà‡∏¢‡∏ô‡πÑ‡∏î‡πâ ‡∏™‡πà‡∏ß‡∏ô‡πÄ‡∏ô‡∏∑‡πâ‡∏≠‡∏´‡∏°‡∏π‡∏ä‡∏≤‡∏ä‡∏π ‡πÑ‡∏Å‡πà ‡∏ó‡∏µ‡πà‡πÉ‡∏™‡πà‡∏°‡∏≤ ‡∏£‡∏™‡∏ä‡∏≤‡∏ï‡∏¥‡∏Ñ‡πà‡∏≠‡∏ô‡∏Ç‡πâ‡∏≤‡∏á‡∏à‡∏∑‡∏î ‡πÇ‡∏î‡∏¢‡∏£‡∏ß‡∏°‡πÅ‡∏•‡πâ‡∏ß‡∏£‡∏™‡∏ä‡∏≤‡∏ï‡∏¥ ‡∏≠‡∏≤‡∏à‡∏≠‡∏£‡πà‡∏≠‡∏¢‡∏™‡∏≥‡∏´‡∏£‡∏±‡∏ö‡∏Ñ‡∏ô‡∏ç‡∏µ‡πà‡∏õ‡∏∏‡πà‡∏ô ‡πÅ‡∏ï‡πà‡∏™‡∏≥‡∏´‡∏£‡∏±‡∏ö‡∏Ñ‡∏ô‡πÑ‡∏ó‡∏¢‡∏≠‡∏≤‡∏à‡∏à‡∏∞‡∏¢‡∏±‡∏á‡πÑ‡∏°‡πà‡∏Ñ‡πà‡∏≠‡∏¢‡∏ä‡∏¥‡∏ô‡πÉ‡∏ô‡∏£‡∏™‡∏ä‡∏≤‡∏ï‡∏¥‡πÅ‡∏ö‡∏ö‡∏ô‡∏µ‡πâ
‡πÄ‡∏Å‡∏µ‡πâ‡∏¢‡∏ß‡∏ã‡πà‡∏≤ ‡∏£‡∏•‡∏ä‡∏≤‡∏ï‡∏¥‡∏Ñ‡πà‡∏≠‡∏ô‡∏Ç‡πâ‡∏≤‡∏á‡∏à‡∏∑‡∏î‡∏°‡∏≤‡∏Å",3,The Hunger,https://www.wongnai.com/reviews/377f079b3dbf4ef889ad531ceb0dbf16
19,"‡πÄ‡∏™‡πâ‡∏ô‡∏™‡∏∂‡πÄ‡∏Ñ‡πÄ‡∏°‡∏ô‡πÄ‡∏´‡∏ô‡∏µ‡∏¢‡∏ß‡∏ô‡∏∏‡πà‡∏°‡∏≠‡∏£‡πà‡∏≠‡∏¢‡∏Å‡∏±‡∏ö‡∏ã‡∏∏‡∏õ‡πÑ‡∏Å‡πà‡∏£‡∏™‡∏ä‡∏≤‡∏ï‡∏¥‡πÄ‡∏Ç‡πâ‡∏°‡∏Ç‡πâ‡∏ô‡∏Å‡∏•‡∏°‡∏Å‡∏•‡πà‡∏≠‡∏° ‡∏ó‡∏µ‡πà‡∏™‡∏≥‡∏Ñ‡∏±‡∏ç‡πÄ‡∏Ñ‡πá‡∏°‡∏Å‡∏≥‡∏•‡∏±‡∏á‡∏û‡∏≠‡∏î‡∏µ
‡∏£‡∏≤‡∏Ñ‡∏≤‡∏ï‡πà‡∏≠‡∏´‡∏±‡∏ß: 251 - 500 ‡∏ö‡∏≤‡∏ó
‡πÄ‡∏°‡∏ô‡∏π‡πÄ‡∏î‡πá‡∏î: Chashu Noko Gyokai Ramen
‡πÄ‡∏£‡∏∑‡πà‡∏≠‡∏á‡∏£‡∏≤‡∏ß‡∏Ç‡∏≠‡∏á‡∏£‡πâ‡∏≤‡∏ô‡∏ô‡∏µ‡πâ‡πÑ‡∏°‡πà‡∏°‡∏µ‡∏≠‡∏∞‡πÑ‡∏£‡∏°‡∏≤‡∏Å ‡∏Å‡πá‡∏Ñ‡∏∑‡∏≠‡πÄ‡∏õ‡πá‡∏ô‡∏£‡πâ‡∏≤‡∏ô‡∏£‡∏≤‡πÄ‡∏°‡∏ô‡∏ó‡∏µ‡πà‡πÑ‡∏î‡πâ‡∏≠‡∏±‡∏ô‡∏î‡∏±‡∏ö 1 ‡πÉ‡∏ô‡πÄ‡∏ß‡πá‡∏ö‡πÑ‡∏ã‡∏ï‡πå Tabelog ‡∏ó‡∏µ‡πà‡πÄ‡∏õ‡πá‡∏ô‡πÄ‡∏ß‡πá‡∏ö‡∏£‡∏µ‡∏ß‡∏¥‡∏ß‡∏£‡πâ‡∏≤‡∏ô‡∏≠‡∏≤‡∏´‡∏≤‡∏£‡∏à‡∏≤‡∏Å‡∏ú‡∏π‡πâ‡πÉ‡∏ä‡πâ‡∏á‡∏≤‡∏ô‡πÄ‡∏´‡∏°‡∏∑‡∏≠‡∏ô‡∏Å‡∏±‡∏ö‡πÄ‡∏ß‡πá‡∏ö Wongnai ‡∏Ç‡∏≠‡∏á‡πÑ‡∏ó‡∏¢‡∏ô‡∏µ‡πà‡πÅ‡∏´‡∏•‡∏∞ ‡∏™‡∏≤‡∏Ç‡∏≤‡∏ó‡∏µ‡πà‡∏ç‡∏µ‡πà‡∏õ‡∏∏‡πà‡∏ô‡πÄ‡∏´‡πá‡∏ô‡∏ß‡πà‡∏≤‡∏ï‡πâ‡∏≠‡∏á‡∏ï‡πà‡∏≠‡∏Ñ‡∏¥‡∏ß‡∏¢‡∏≤‡∏ß‡πÄ‡∏Å‡∏∑‡∏≠‡∏ö‡∏Ñ‡∏£‡∏∂‡πà‡∏á‡∏ä‡∏±‡πà‡∏ß‡πÇ‡∏°‡∏á ‡∏™‡πà‡∏ß‡∏ô‡∏™‡∏≤‡∏Ç‡∏≤‡∏ô‡∏µ‡πâ‡∏ó‡∏µ‡πà‡πÑ‡∏ó‡∏¢‡πÄ‡∏û‡∏¥‡πà‡∏á‡πÄ‡∏õ‡∏¥‡∏î‡πÉ‡∏´‡∏°‡πà‡∏¢‡∏±‡∏á‡πÑ‡∏°‡πà‡∏ñ‡∏∂‡∏á‡πÄ‡∏î‡∏∑‡∏≠‡∏ô ‡πÄ‡∏´‡πá‡∏ô‡∏ß‡πà‡∏≤‡∏Ñ‡∏¥‡∏ß‡∏¢‡∏≤‡∏ß‡πÄ‡∏´‡∏°‡∏∑‡∏≠‡∏ô‡∏Å‡∏±‡∏ô‡∏ñ‡πâ‡∏≤‡πÄ‡∏õ‡πá‡∏ô‡∏ï‡∏£‡∏á‡πÄ‡∏ß‡∏•‡∏≤‡∏°‡∏∑‡πâ‡∏≠‡∏≠‡∏≤‡∏´‡∏≤‡∏£‡∏û‡∏≠‡∏î‡∏µ

‡∏°‡∏∑‡πâ‡∏≠‡∏ô‡∏µ‡πâ‡∏ú‡∏°‡∏°‡∏≤‡∏ï‡∏≠‡∏ô 2 ‡∏ó‡∏∏‡πà‡∏°‡∏Å‡∏ß‡πà‡∏≤ ‡∏°‡∏µ‡∏Ñ‡∏ô‡∏£‡∏≠‡∏≠‡∏¢‡∏π‡πà 2 ‡∏Ñ‡∏¥‡∏ß‡∏Å‡πà‡∏≠‡∏ô‡∏´‡∏ô‡πâ‡∏≤ ‡πÅ‡∏ï‡πà‡πÇ‡∏ä‡∏Ñ‡∏î‡∏µ‡πÑ‡∏î‡πâ‡πÇ‡∏ï‡πä‡∏∞‡∏ó‡∏±‡∏ô‡∏ó‡∏µ ‡πÅ‡∏ï‡πà‡∏£‡∏≠‡∏≠‡∏≤‡∏´‡∏≤‡∏£‡∏ô‡∏≤‡∏ô‡πÄ‡∏´‡∏°‡∏∑‡∏≠‡∏ô‡∏Å‡∏±‡∏ô

‡∏£‡πâ‡∏≤‡∏ô‡∏≠‡∏¢‡∏π‡πà‡∏ä‡∏±‡πâ‡∏ô‡πÉ‡∏ï‡πâ‡∏î‡∏¥‡∏ô‡∏Ç‡∏≠‡∏á‡πÇ‡∏£‡∏á‡πÅ‡∏£‡∏°‡πÄ‡∏≠‡∏£‡∏≤‡∏ß‡∏±‡∏ì ‡πÅ‡∏ï‡πà‡∏™‡∏≤‡∏°‡∏≤‡∏£‡∏ñ‡πÄ‡∏î‡∏¥‡∏ô‡πÄ‡∏Ç‡πâ‡∏≤‡∏à‡∏≤‡∏Å‡∏ó‡∏≤‡∏á‡∏ù‡∏±‡πà‡∏á‡∏ñ‡∏ô‡∏ô‡∏û‡∏£‡∏∞‡∏£‡∏≤‡∏° 1 ‡πÑ‡∏î‡πâ‡πÄ‡∏•‡∏¢ ‡∏≠‡∏¢‡∏π‡πà‡∏ï‡∏£‡∏á‡∏õ‡∏≤‡∏Å‡∏ó‡∏≤‡∏á‡πÄ‡∏Ç‡πâ‡∏≤‡∏û‡∏≠‡∏î‡∏µ‡πÄ‡∏î‡πä‡∏∞

[ ‡πÄ‡∏°‡∏ô‡∏π‡∏ó‡∏µ‡πà‡∏™‡∏±‡πà‡∏á ]
- Itto Noko Gyokai Tsukemen (350.-) ‡πÄ‡∏õ‡πá‡∏ô‡πÄ‡∏°‡∏ô‡∏π‡∏ó‡∏µ‡πà‡πÄ‡∏õ‡πá‡∏ô signature ‡∏Ç‡∏≠‡∏á‡∏£‡πâ‡∏≤‡∏ô ‡∏ñ‡πâ‡∏≤‡∏°‡∏≤‡∏£‡πâ‡∏≤‡∏ô‡∏ô‡∏µ‡πâ‡∏¢‡∏±‡∏á‡πÑ‡∏á‡∏Å‡πá‡∏Ñ‡∏ß‡∏£‡∏à‡∏∞‡∏™‡∏±‡πà‡∏á‡πÄ‡∏°‡∏ô‡∏π‡∏ô‡∏µ‡πâ‡πÄ‡∏õ‡πá‡∏ô‡∏≠‡∏¢‡πà‡∏≤‡∏á‡πÅ‡∏£‡∏Å ‡πÄ‡∏™‡πâ‡∏ô‡∏™‡∏∂‡πÄ‡∏Ñ‡πÄ‡∏°‡∏ô‡πÄ‡∏´‡∏ô‡∏µ‡∏¢‡∏ß‡∏´‡∏ô‡∏∂‡∏ö‡πÄ‡∏Ñ‡∏µ‡πâ‡∏¢‡∏ß‡∏°‡∏±‡∏ô ‡∏à‡∏∏‡πà‡∏°‡∏Å‡∏±‡∏ö‡∏ô‡πâ‡∏≥‡∏ã‡∏∏‡∏õ‡∏ó‡∏µ‡πà‡∏£‡πâ‡∏≤‡∏ô‡∏ô‡∏µ‡πâ‡πÉ‡∏ä‡πâ‡πÄ‡∏õ‡πá‡∏ô‡∏ã‡∏∏‡∏õ‡πÑ‡∏Å‡πà‡∏£‡∏™‡∏ä‡∏≤‡∏ï‡∏¥‡πÄ‡∏Ç‡πâ‡∏°‡∏Ç‡πâ‡∏ô‡∏ó‡∏µ‡πà‡∏£‡πâ‡∏≤‡∏ô‡∏ö‡∏≠‡∏Å‡∏ß‡πà‡∏≤‡πÄ‡∏Ñ‡∏µ‡πà‡∏¢‡∏ß‡∏°‡∏≤‡πÄ‡∏õ‡πá‡∏ô‡∏™‡∏¥‡∏ö‡∏ä‡∏±‡πà‡∏ß‡πÇ‡∏°‡∏á ‡∏Ñ‡∏ß‡∏≤‡∏°‡∏°‡∏±‡∏ô‡πÑ‡∏°‡πà‡∏°‡∏±‡∏ô‡∏°‡∏≤‡∏Å‡πÅ‡∏•‡∏∞‡∏Ñ‡∏ß‡∏≤‡∏°‡πÄ‡∏Ñ‡πá‡∏°‡∏Å‡πá‡∏Å‡∏≥‡∏•‡∏±‡∏á‡∏û‡∏≠‡∏î‡∏µ (‡πÅ‡∏ï‡πà‡∏ñ‡πâ‡∏≤‡∏£‡∏π‡πâ‡∏™‡∏∂‡∏Å‡πÄ‡∏Ñ‡πá‡∏°‡πÑ‡∏õ‡∏Å‡πá‡πÄ‡∏ï‡∏¥‡∏°‡∏ã‡∏∏‡∏õ Wadashi ‡πÉ‡∏´‡πâ‡πÄ‡∏à‡∏∑‡∏≠‡∏à‡∏≤‡∏á‡∏•‡∏á‡πÑ‡∏î‡πâ) ‡∏à‡∏∞‡πÄ‡∏™‡∏¥‡∏£‡πå‡∏ü‡∏°‡∏≤‡∏û‡∏£‡πâ‡∏≠‡∏°‡∏Å‡∏±‡∏ö‡∏û‡∏£‡∏¥‡∏Å‡∏ñ‡πâ‡∏ß‡∏¢‡πÄ‡∏•‡πá‡∏Å‡πÜ (‡∏°‡∏±‡∏ô‡∏Ñ‡∏∑‡∏≠‡∏ô‡πâ‡∏≥‡∏û‡∏£‡∏¥‡∏Å‡πÅ‡∏´‡πâ‡∏á‡πÜ ‡∏ó‡∏µ‡πà‡∏ó‡∏≥‡∏à‡∏≤‡∏Å‡∏Å‡∏∏‡πâ‡∏á‡∏ô‡∏µ‡πà‡πÅ‡∏´‡∏•‡∏∞) ‡∏ú‡∏°‡∏•‡∏≠‡∏á‡πÉ‡∏™‡πà‡∏û‡∏£‡∏¥‡∏Å‡πÅ‡∏•‡πâ‡∏ß‡πÑ‡∏°‡πà‡∏Ñ‡πà‡∏≠‡∏¢‡πÄ‡∏ß‡∏¥‡∏£‡πå‡∏Ñ ‡πÅ‡∏ô‡∏∞‡∏ô‡∏≥‡∏ß‡πà‡∏≤‡πÑ‡∏°‡πà‡πÉ‡∏™‡πà‡∏à‡∏∞‡∏î‡∏µ‡∏Å‡∏ß‡πà‡∏≤ ... ‡πÄ‡∏ô‡∏∑‡πâ‡∏≠‡∏ó‡∏µ‡πà‡πÉ‡∏´‡πâ‡∏°‡∏≤‡∏°‡∏µ 3 ‡∏≠‡∏¢‡πà‡∏≤‡∏á‡∏Ñ‡∏∑‡∏≠ Bara Chashu (Pork belly), Rosu Chashu (Pork sholder) ‡πÅ‡∏•‡πâ‡∏ß‡∏Å‡πá Tori Chashu (‡πÄ‡∏ô‡∏∑‡πâ‡∏≠‡πÑ‡∏Å‡πà) ‡∏ã‡∏∂‡πà‡∏á‡πÄ‡∏ô‡∏∑‡πâ‡∏≠‡∏à‡∏∞‡∏ñ‡∏π‡∏Å‡∏ã‡∏π‡∏ß‡∏µ‡∏°‡∏≤‡∏Å‡πà‡∏≠‡∏ô‡∏ó‡∏≥‡πÉ‡∏´‡πâ‡∏ô‡∏∏‡πà‡∏°‡πÄ‡∏õ‡πá‡∏ô‡∏û‡∏¥‡πÄ‡∏®‡∏© ‡πÄ‡∏ó‡πà‡∏≤‡∏ó‡∏µ‡πà‡∏Å‡∏¥‡∏ô‡∏°‡∏∑‡πâ‡∏≠‡∏ô‡∏µ‡πâ‡∏ú‡∏°‡∏ß‡πà‡∏≤‡∏ú‡∏°‡∏ä‡∏≠‡∏ö Rosu Chashu ‡∏°‡∏≤‡∏Å‡∏™‡∏∏‡∏î

- ‡πÑ‡∏Ç‡πà‡∏ï‡πâ‡∏° Tamago (35.-) ‡∏ï‡πâ‡∏°‡∏°‡∏≤‡πÅ‡∏ö‡∏ö‡∏õ‡∏£‡∏∏‡∏á‡∏£‡∏™‡∏°‡∏≤‡∏≠‡∏¢‡πà‡∏≤‡∏á‡∏î‡∏µ ‡∏£‡∏™‡∏ä‡∏≤‡∏ï‡∏¥‡πÄ‡∏Ç‡πâ‡∏°‡∏Ç‡πâ‡∏ô‡∏≠‡∏£‡πà‡∏≠‡∏¢ ‡πÅ‡∏ô‡∏∞‡∏ô‡∏≥‡πÉ‡∏´‡πâ‡∏™‡∏±‡πà‡∏á‡∏Ñ‡∏£‡∏±‡∏ö

‡∏°‡∏∑‡πâ‡∏≠‡∏ô‡∏µ‡πâ‡∏•‡∏≠‡∏á‡πÄ‡∏â‡∏û‡∏≤‡∏∞‡πÄ‡∏°‡∏ô‡∏π‡∏™‡∏∂‡πÄ‡∏Ñ‡πÄ‡∏°‡∏ô‡∏≠‡∏¢‡πà‡∏≤‡∏á‡πÄ‡∏î‡∏µ‡∏¢‡∏ß 350 ‡∏ö‡∏≤‡∏ó ‡∏Å‡πá‡∏ñ‡∏∑‡∏≠‡∏ß‡πà‡∏≤‡∏£‡∏≤‡∏Ñ‡∏≤‡∏™‡∏π‡∏á‡∏ô‡∏∞‡πÄ‡∏û‡∏£‡∏≤‡∏∞‡∏¢‡∏±‡∏á‡∏ï‡πâ‡∏≠‡∏á ++ ‡∏≠‡∏µ‡∏Å ‡∏ñ‡πâ‡∏≤‡∏£‡∏≤‡∏Ñ‡∏≤‡πÄ‡∏ö‡∏≤‡∏•‡∏á‡∏Å‡∏ß‡πà‡∏≤‡∏ô‡∏µ‡πâ‡∏Å‡πá‡∏Ñ‡∏á‡∏à‡∏∞‡∏î‡∏µ ... ‡πÄ‡∏û‡∏∑‡πà‡∏≠‡∏ô‡∏ó‡∏µ‡πà‡πÄ‡∏Ñ‡∏¢‡∏Å‡∏¥‡∏ô‡∏™‡∏≤‡∏Ç‡∏≤‡∏ó‡∏µ‡πà‡∏ç‡∏µ‡πà‡∏õ‡∏∏‡πà‡∏ô‡∏ö‡∏≠‡∏Å‡∏ß‡πà‡∏≤‡∏£‡∏™‡∏ä‡∏≤‡∏ï‡∏¥‡∏ï‡πà‡∏≤‡∏á‡∏Å‡∏±‡∏ô ‡πÅ‡∏•‡∏∞‡πÄ‡∏ô‡∏∑‡πâ‡∏≠‡∏ó‡∏µ‡πà‡πÉ‡∏™‡πà‡∏°‡∏≤‡πÉ‡∏ô‡∏™‡∏∂‡πÄ‡∏Ñ‡πÄ‡∏°‡∏ô‡∏ó‡∏µ‡πà‡∏™‡∏≤‡∏Ç‡∏≤‡∏ó‡∏µ‡πà‡∏ç‡∏µ‡πà‡∏õ‡∏∏‡πà‡∏ô‡∏à‡∏∞‡∏ï‡πà‡∏≤‡∏á‡πÑ‡∏õ (‡πÄ‡∏´‡πá‡∏ô‡πÄ‡∏û‡∏∑‡πà‡∏≠‡∏ô‡∏Ñ‡∏∏‡∏¢‡∏Å‡∏±‡∏ô‡∏ß‡πà‡∏≤‡∏ô‡πà‡∏≤‡∏à‡∏∞‡πÄ‡∏õ‡πá‡∏ô‡πÄ‡∏û‡∏£‡∏≤‡∏∞‡∏ó‡∏µ‡πà‡∏ç‡∏µ‡πà‡∏õ‡∏∏‡πà‡∏ô‡πÑ‡∏î‡πâ‡∏°‡∏µ‡∏Å‡∏≤‡∏£‡∏õ‡∏£‡∏±‡∏ö‡πÄ‡∏õ‡∏•‡∏µ‡πà‡∏¢‡∏ô‡∏™‡∏π‡∏ï‡∏£‡πÑ‡∏õ‡∏à‡∏≤‡∏Å‡∏™‡∏π‡∏ï‡∏£‡∏î‡∏±‡πâ‡∏á‡πÄ‡∏î‡∏¥‡∏°‡∏û‡∏≠‡∏™‡∏°‡∏Ñ‡∏ß‡∏£‡πÅ‡∏•‡πâ‡∏ß ‡πÅ‡∏ï‡πà‡∏û‡∏≠‡∏°‡∏≤‡πÄ‡∏õ‡∏¥‡∏î‡∏ó‡∏µ‡πà‡πÑ‡∏ó‡∏¢ ‡πÄ‡∏•‡∏¢‡πÉ‡∏ä‡πâ‡∏™‡∏π‡∏ï‡∏£‡∏î‡∏±‡πâ‡∏á‡πÄ‡∏î‡∏¥‡∏°‡∏Å‡πà‡∏≠‡∏ô) ‡πÅ‡∏ï‡πà‡∏ú‡∏°‡πÑ‡∏°‡πà‡∏ã‡∏µ‡πÄ‡∏£‡∏µ‡∏¢‡∏™‡πÄ‡∏£‡∏∑‡πà‡∏≠‡∏á‡∏ó‡∏µ‡πà‡πÑ‡∏°‡πà‡πÄ‡∏´‡∏°‡∏∑‡∏≠‡∏ô‡∏Å‡∏±‡∏ô ‡∏Ç‡∏≠‡πÄ‡∏ó‡∏µ‡∏¢‡∏ö‡πÄ‡∏â‡∏û‡∏≤‡∏∞‡∏Å‡∏±‡∏ö‡∏£‡πâ‡∏≤‡∏ô‡πÉ‡∏ô‡πÑ‡∏ó‡∏¢‡∏û‡∏≠‡∏Ñ‡∏£‡∏±‡∏ö

‡πÄ‡∏°‡∏∑‡πà‡∏≠‡∏Å‡πà‡∏≠‡∏ô‡∏£‡πâ‡∏≤‡∏ô‡∏™‡∏∂‡πÄ‡∏Ñ‡πÄ‡∏°‡∏ô‡∏ó‡∏µ‡πà‡∏ä‡∏≠‡∏ö‡∏à‡∏∞‡πÄ‡∏õ‡πá‡∏ô‡∏£‡πâ‡∏≤‡∏ô Nidaime Tsujita ‡∏ó‡∏µ‡πà‡∏≠‡∏¢‡∏π‡πà‡πÉ‡∏ô‡πÇ‡∏ã‡∏ô Ramen Champion ‡∏ó‡∏µ‡πà Arena 10 (‡∏ó‡∏µ‡πà‡∏ç‡∏µ‡πà‡∏õ‡∏∏‡πà‡∏ô‡∏£‡πâ‡∏≤‡∏ô‡∏ô‡∏µ‡πâ‡πÑ‡∏°‡πà‡πÑ‡∏î‡πâ‡∏î‡∏±‡∏á‡∏≠‡∏∞‡πÑ‡∏£‡∏°‡∏≤‡∏Å) ‡∏£‡πâ‡∏≤‡∏ô‡∏ô‡∏±‡πâ‡∏ô‡πÄ‡∏™‡πâ‡∏ô‡∏™‡∏∂‡πÄ‡∏Ñ‡πÄ‡∏°‡∏ô‡∏à‡∏∞‡πÉ‡∏´‡∏ç‡πà‡πÅ‡∏•‡∏∞‡πÄ‡∏Ñ‡∏µ‡πâ‡∏¢‡∏ß‡∏°‡∏±‡∏ô‡∏Å‡∏ß‡πà‡∏≤‡∏ô‡∏µ‡πâ ‡∏™‡πà‡∏ß‡∏ô‡∏ô‡πâ‡∏≥‡∏ã‡∏∏‡∏õ‡∏à‡∏∞‡∏™‡∏π‡πâ‡∏£‡πâ‡∏≤‡∏ô‡∏ô‡∏µ‡πâ‡πÑ‡∏°‡πà‡πÑ‡∏î‡πâ ‡πÅ‡∏ï‡πà‡∏ó‡∏µ‡πà‡∏™‡∏≥‡∏Ñ‡∏±‡∏ç‡∏Å‡∏ß‡πà‡∏≤‡∏Ñ‡∏∑‡∏≠‡∏£‡πâ‡∏≤‡∏ô‡∏õ‡∏¥‡∏î‡πÑ‡∏õ‡πÅ‡∏•‡πâ‡∏ß ... ‡∏°‡∏µ‡∏£‡πâ‡∏≤‡∏ô‡∏ô‡∏µ‡πâ‡∏°‡∏≤‡πÄ‡∏õ‡∏¥‡∏î‡πÅ‡∏•‡πâ‡∏ß‡∏ó‡∏≥‡πÉ‡∏´‡πâ‡πÑ‡∏î‡πâ‡∏£‡πâ‡∏≤‡∏ô‡∏™‡∏∂‡πÄ‡∏Ñ‡πÄ‡∏°‡∏ô‡∏ó‡∏µ‡πà‡∏ä‡∏≠‡∏ö‡πÅ‡∏•‡∏∞‡∏≠‡∏¢‡∏≤‡∏Å‡∏°‡∏≤‡∏Å‡∏¥‡∏ô‡∏≠‡∏µ‡∏Å‡πÄ‡∏£‡∏∑‡πà‡∏≠‡∏¢‡πÜ ‡∏Å‡∏•‡∏±‡∏ö‡∏°‡∏≤‡πÅ‡∏•‡πâ‡∏ß ‡∏™‡∏£‡∏∏‡∏õ‡πÅ‡∏•‡πâ‡∏ß‡∏Ñ‡∏∑‡∏≠ ‡∏î‡∏µ‡∏Å‡∏£‡∏µ‡∏£‡πâ‡∏≤‡∏ô‡∏£‡∏≤‡πÄ‡∏°‡∏á‡∏≠‡∏±‡∏ô‡∏î‡∏±‡∏ö 1 ‡∏ó‡∏µ‡πà‡∏ç‡∏µ‡πà‡∏õ‡∏∏‡πà‡∏ô ‡∏û‡∏≠‡∏°‡∏≤‡πÑ‡∏ó‡∏¢‡∏Å‡πá‡∏¢‡∏±‡∏á‡πÄ‡∏õ‡πá‡∏ô‡∏£‡πâ‡∏≤‡∏ô‡∏ó‡∏µ‡πà‡πÄ‡∏¢‡∏µ‡πà‡∏¢‡∏°‡πÄ‡∏ä‡πà‡∏ô‡∏Å‡∏±‡∏ô",4,pattrawoots,https://www.wongnai.com/reviews/d2c980921422443da76b2ae76d1ea284
20,"‡∏Å‡∏•‡∏±‡∏ö‡πÑ‡∏õ‡∏ã‡πâ‡∏≥‡πÅ‡∏ô‡πà‡∏ô‡∏≠‡∏ô
‡∏£‡πâ‡∏≤‡∏ô‡∏£‡∏≤‡πÄ‡∏°‡∏á‡∏ä‡∏∑‡πà‡∏≠‡∏î‡∏±‡∏á ‡∏ï‡πâ‡∏≠‡∏á‡∏´‡πâ‡∏≤‡∏°‡∏û‡∏•‡∏≤‡∏î
‡∏õ‡∏Å‡∏ï‡∏¥‡πÄ‡∏õ‡πá‡∏ô‡∏Ñ‡∏ô‡πÑ‡∏°‡πà‡∏ä‡∏≠‡∏ö‡∏£‡∏≤‡πÄ‡∏°‡∏á‡πÄ‡∏Ñ‡πá‡∏°‡πÅ‡∏ï‡πà‡∏Å‡πá‡∏ï‡πâ‡∏≠‡∏á‡∏°‡∏≤‡∏•‡∏≠‡∏á‡∏î‡∏π

‡∏Å‡∏•‡∏±‡∏ß‡∏Ñ‡∏¥‡∏ß‡πÄ‡∏¢‡∏≠‡∏∞ ‡πÅ‡∏ï‡πà‡∏ï‡∏≠‡∏ô‡∏ó‡∏µ‡πà‡∏°‡∏≤‡∏õ‡∏£‡∏∞‡∏°‡∏≤‡∏ì‡∏ö‡πà‡∏≤‡∏¢‡πÇ‡∏°‡∏á‡∏ß‡∏±‡∏ô‡∏û‡∏∏‡∏ò ‡πÑ‡∏°‡πà‡∏°‡∏µ‡∏Ñ‡∏¥‡∏ß‡πÄ‡∏•‡∏¢ ‡πÄ‡∏Ç‡πâ‡∏≤‡πÑ‡∏õ‡∏ô‡∏±‡πà‡∏á ‡∏™‡∏±‡πà‡∏á‡∏≠‡∏≤‡∏´‡∏≤‡∏£ ‡πÑ‡∏°‡πà‡∏ô‡∏≤‡∏ô‡∏Å‡πá‡∏°‡∏≤ ‡∏ü‡∏¥‡∏ô

‡∏£‡∏≤‡πÄ‡∏°‡∏á‡∏ó‡∏µ‡πà‡∏™‡∏±‡πà‡∏á‡∏Ñ‡∏∑‡∏≠ tsukemen original
‡∏°‡∏µ‡∏´‡∏°‡∏π1‡πÅ‡∏ú‡πà‡∏ô (‡∏ñ‡πâ‡∏≤‡πÄ‡∏õ‡πá‡∏ô‡πÉ‡∏ô‡∏£‡∏π‡∏õ‡∏ó‡∏µ‡πà‡∏°‡∏µ3‡∏ä‡∏¥‡πâ‡∏ô ‡∏à‡∏∞‡∏°‡∏µ‡πÑ‡∏Å‡πà‡∏Å‡∏±‡∏ö‡∏™‡∏≤‡∏°‡∏ä‡∏±‡πâ‡∏ô‡πÄ‡∏û‡∏¥‡πà‡∏°‡∏°‡∏≤)

‡∏ã‡∏∏‡∏õ‡∏£‡∏≤‡πÄ‡∏°‡∏á‡πÄ‡∏Ñ‡πá‡∏°‡∏°‡∏≤‡∏Å‡∏à‡∏£‡∏¥‡∏á‡πÜ ‡πÅ‡∏ï‡πà‡πÄ‡∏Ñ‡πâ‡∏≤‡∏°‡∏µ‡∏ô‡πâ‡∏≥‡∏ã‡∏∏‡∏õ‡∏à‡∏∑‡∏î‡πÜ‡πÉ‡∏´‡πâ‡πÄ‡∏ï‡∏¥‡∏°‡∏ï‡∏≤‡∏°‡πÉ‡∏à‡∏ä‡∏≠‡∏ö

‡πÄ‡∏™‡πâ‡∏ô‡∏Ç‡∏≠‡∏á‡∏ó‡∏µ‡πà‡∏ô‡∏µ‡πà‡∏ï‡πâ‡∏≠‡∏á‡∏¢‡∏≠‡∏°‡∏à‡∏£‡∏¥‡∏á‡πÜ ‡∏°‡∏±‡∏ô‡∏≠‡∏ß‡∏ö‡∏°‡∏±‡∏ôfirm‡∏°‡∏±‡∏ô‡∏î‡∏µ‡∏°‡∏≤‡∏Å ‡∏ï‡∏£‡∏á‡πÄ‡∏™‡∏õ‡πâ‡∏Ñ‡∏°‡∏≤‡∏Å‡πÜ

‡πÄ‡∏™‡πâ‡∏ô‡πÄ‡∏¢‡πá‡∏ô‡∏£‡∏µ‡∏ö‡πÑ‡∏õ‡∏à‡∏∏‡πà‡∏°‡πÉ‡∏ô‡∏ã‡∏∏‡∏õ‡πÅ‡∏•‡πâ‡∏ß‡∏ã‡∏π‡πâ‡∏î‡πÄ‡∏Ç‡πâ‡∏≤‡∏õ‡∏≤‡∏Å ‡∏≠‡∏£‡πà‡∏≠‡∏¢‡∏•‡∏∑‡∏°‡πÄ‡∏Ñ‡πá‡∏°

‡∏à‡∏∞‡∏ï‡πâ‡∏≠‡∏á‡∏Å‡∏•‡∏±‡∏ö‡πÑ‡∏õ‡∏≠‡∏µ‡∏Å‡πÅ‡∏ô‡πà‡πÜ ‡πÄ‡∏™‡πâ‡∏ô‡∏£‡∏≤‡πÄ‡∏°‡∏á‡∏£‡πâ‡∏≤‡∏ô‡∏ô‡∏µ‡πâ‡∏•‡∏∑‡∏°‡πÑ‡∏°‡πà‡∏•‡∏á‡∏à‡∏£‡∏¥‡∏á‡πÜ",5,zee,https://www.wongnai.com/reviews/6973c106a9874bc794d1744796a9b7c0
21,"‡∏ã‡∏∏‡∏õ‡∏î‡∏µ ‡πÄ‡∏™‡πâ‡∏ô‡πÉ‡∏ä‡πâ‡πÑ‡∏î‡πâ ‡πÅ‡∏ï‡πà‡∏ä‡∏≤‡∏ä‡∏π‡∏¢‡∏±‡∏á‡πÑ‡∏°‡πà‡πÇ‡∏î‡∏ô‡∏ô‡∏∞‡∏à‡πä‡∏∞
‡∏£‡∏≤‡∏Ñ‡∏≤‡∏ï‡πà‡∏≠‡∏´‡∏±‡∏ß: 101 - 250 ‡∏ö‡∏≤‡∏ó
‡πÄ‡∏°‡∏ô‡∏π‡πÄ‡∏î‡πá‡∏î: Chashu Noko Gyokai Ramen, Tokusei Shio Ramen
‡∏£‡πâ‡∏≤‡∏ô‡∏î‡∏±‡∏á‡∏≠‡∏±‡∏ô‡∏î‡∏±‡∏ö1‡∏à‡∏≤‡∏Å‡∏ç‡∏µ‡πà‡∏õ‡∏∏‡πà‡∏ô ‡∏ó‡∏≥‡πÄ‡∏™‡πâ‡∏ô‡∏™‡∏î ‡∏ã‡∏∏‡∏õ‡πÄ‡∏ö‡∏™‡πÄ‡∏õ‡πá‡∏ô‡∏ã‡∏∏‡∏õ‡πÑ‡∏Å‡πà‡∏ú‡∏™‡∏°‡∏Ç‡∏≠‡∏á‡∏ó‡∏∞‡πÄ‡∏• ‡∏Å‡∏•‡∏¥‡πà‡∏ô‡∏õ‡∏•‡∏≤‡∏´‡∏≠‡∏°‡∏ü‡∏∏‡πâ‡∏á ‡∏£‡∏™‡πÑ‡∏°‡πà‡∏´‡∏ô‡∏±‡∏Å‡πÅ‡∏ö‡∏ö‡∏ã‡∏∏‡∏õ‡∏Å‡∏£‡∏∞‡∏î‡∏π‡∏Å‡∏´‡∏°‡∏π ‡πÇ‡∏î‡∏î‡πÄ‡∏î‡πà‡∏ô‡∏ó‡∏µ‡πà‡πÉ‡∏ä‡πâ‡∏Å‡∏≤‡∏£‡∏ó‡∏≥‡∏ä‡∏≤‡∏ä‡∏π‡∏î‡πâ‡∏ß‡∏¢‡∏ß‡∏¥‡∏ò‡∏µ‡πÅ‡∏ö‡∏öSous Vide ‡∏ó‡∏µ‡πà‡∏ä‡πà‡∏ß‡∏¢‡∏Ñ‡∏á‡∏Ñ‡∏ß‡∏≤‡∏°‡∏â‡πà‡∏≥‡∏Ç‡∏≠‡∏á‡πÄ‡∏ô‡∏∑‡πâ‡∏≠‡∏™‡∏±‡∏ï‡∏ß‡πå‡πÑ‡∏ß‡πâ‡πÑ‡∏î‡πâ‡∏î‡∏µ ‡πÅ‡∏ï‡πà‡∏ó‡∏≥‡∏≠‡∏≠‡∏Å‡∏°‡∏≤‡∏£‡∏™‡∏ä‡∏≤‡∏ï‡∏¥‡∏≠‡πà‡∏≠‡∏ô‡πÅ‡∏•‡∏∞‡∏Ç‡∏≤‡∏î‡∏Ñ‡∏ß‡∏≤‡∏°‡∏´‡∏≠‡∏°‡πÅ‡∏ö‡∏ö‡∏ß‡∏¥‡∏ò‡∏µ‡∏î‡∏±‡πâ‡∏á‡πÄ‡∏î‡∏¥‡∏°‡πÑ‡∏õ ‡πÄ‡∏£‡∏≤‡πÄ‡∏•‡∏∑‡∏≠‡∏Å‡∏ä‡∏¥‡∏°‡∏£‡∏≤‡πÄ‡∏°‡∏á‡∏ã‡∏∏‡∏õ‡πÄ‡∏Å‡∏•‡∏∑‡∏≠ ‡πÄ‡∏™‡πâ‡∏ô‡πÄ‡∏•‡πá‡∏Å ‡πÑ‡∏°‡πà‡πÄ‡∏Ñ‡πá‡∏°‡∏°‡∏≤‡∏Å‡πÄ‡∏™‡∏£‡∏¥‡∏ü‡∏û‡∏£‡πâ‡∏≠‡∏°‡∏ã‡∏≠‡∏™XO ‡∏™‡πà‡∏ß‡∏ô‡∏£‡∏≤‡πÄ‡∏°‡∏á‡πÅ‡∏ö‡∏ö‡∏à‡∏∏‡πà‡∏°‡πÄ‡∏™‡πâ‡∏ô‡∏ó‡∏µ‡πà‡πÄ‡∏õ‡πá‡∏ôSignature ‡πÄ‡∏™‡πâ‡∏ô‡πÉ‡∏´‡∏ç‡πà‡∏´‡∏ô‡∏∂‡∏ö‡πÑ‡∏°‡πà‡∏°‡∏≤‡∏Å‡πÄ‡∏™‡∏£‡∏¥‡∏ü‡πÄ‡∏™‡πâ‡∏ô‡πÄ‡∏¢‡πá‡∏ô ‡∏ã‡∏∏‡∏õ‡∏£‡πâ‡∏≠‡∏ô‡∏Ñ‡πà‡∏≠‡∏ô‡∏Ç‡πâ‡∏≤‡∏á‡πÄ‡∏Ñ‡πá‡∏°‡πÅ‡∏ï‡πà‡πÑ‡∏°‡πà‡πÄ‡∏Å‡∏≤‡∏∞‡πÄ‡∏™‡πâ‡∏ô ‡∏£‡∏™‡∏ô‡πâ‡∏≥‡∏ã‡∏∏‡∏õ‡πÄ‡∏•‡∏¢‡πÑ‡∏°‡πà‡∏ï‡∏¥‡∏î‡πÄ‡∏™‡πâ‡∏ô‡πÄ‡∏ó‡πà‡∏≤‡∏ó‡∏µ‡πà‡∏Ñ‡∏ß‡∏£ ‡πÉ‡∏ô‡∏ô‡πâ‡∏≥‡∏ã‡∏∏‡∏õ‡∏°‡∏µ‡∏•‡∏π‡∏Å‡∏ä‡∏¥‡πâ‡∏ô‡πÑ‡∏Å‡πà‡∏≠‡∏£‡πà‡∏≠‡∏¢‡∏°‡∏≤‡∏Å‡πÅ‡∏ï‡πà‡∏£‡∏∞‡∏ß‡∏±‡∏á‡∏£‡πâ‡∏≠‡∏ô‡∏°‡∏≤‡∏Å‡πÄ‡∏ä‡πà‡∏ô‡∏Å‡∏±‡∏ô ‡∏°‡∏µ‡∏û‡∏£‡∏¥‡∏Å‡∏õ‡πà‡∏ô‡∏°‡∏≤‡πÉ‡∏´‡πâ‡πÄ‡∏ï‡∏¥‡∏°‡πÅ‡∏Å‡πâ‡πÄ‡∏•‡∏µ‡πà‡∏¢‡∏ô ‡∏ó‡∏≤‡∏ô‡πÑ‡∏õ‡∏ã‡∏±‡∏Å‡∏£‡∏∞‡∏¢‡∏∞‡∏ã‡∏∏‡∏õ‡∏à‡∏∞‡πÄ‡∏¢‡πá‡∏ô‡∏ó‡∏≥‡πÉ‡∏´‡πâ‡∏£‡∏™‡πÄ‡∏Ñ‡πá‡∏°‡∏ä‡∏±‡∏î‡∏Ç‡∏∂‡πâ‡∏ô ‡πÉ‡∏Ñ‡∏£‡πÑ‡∏°‡πà‡∏ä‡∏≠‡∏ö‡πÄ‡∏Ñ‡πá‡∏°‡∏°‡∏µ‡∏ô‡πâ‡∏≥‡∏ã‡∏∏‡∏õ‡πÉ‡∏´‡πâ‡πÄ‡∏ï‡∏¥‡∏°‡πÅ‡∏ï‡πà‡∏à‡∏∞‡∏ó‡∏≥‡πÉ‡∏´‡πâ‡∏£‡∏™‡∏ã‡∏∏‡∏õ‡∏à‡∏≤‡∏á‡πÄ‡∏Å‡∏¥‡∏ô‡πÑ‡∏õ ‡∏™‡∏±‡πà‡∏á‡πÄ‡∏Å‡∏µ‡πä‡∏¢‡∏ß‡∏ã‡πà‡∏≤‡∏´‡∏°‡∏π‡∏≠‡∏£‡πà‡∏≠‡∏¢‡∏î‡∏µ‡∏Ñ‡πà‡∏∞ ‡πÇ‡∏î‡∏¢‡∏£‡∏ß‡∏° ‡∏£‡∏™‡∏ä‡∏≤‡∏ï‡∏¥‡πÄ‡∏ö‡∏≤‡πÜ‡πÑ‡∏°‡πà‡πÅ‡∏ô‡πà‡∏ô‡πÅ‡∏ö‡∏ö‡∏ã‡∏∏‡∏õ‡∏Å‡∏£‡∏∞‡∏î‡∏π‡∏Å‡∏´‡∏°‡∏π ‡∏≠‡∏≠‡∏Å‡πÅ‡∏ô‡∏ß‡πÄ‡∏Æ‡∏•‡∏ï‡∏µ‡πâ‡∏´‡∏ô‡πà‡∏≠‡∏¢ ‡∏Ñ‡∏ß‡∏≤‡∏°‡∏≠‡∏£‡πà‡∏≠‡∏¢‡πÄ‡∏•‡∏¢‡∏¢‡∏±‡∏á‡πÑ‡∏°‡πà‡πÇ‡∏î‡∏ô‡πÉ‡∏à‡πÄ‡∏£‡∏≤‡∏Ñ‡πà‡∏∞",3,Toon_happyeater,https://www.wongnai.com/reviews/74fedf0b4c524d04be0f51d0999dd3e4
22,"Ramen ‡∏ó‡∏µ‡πà‡∏≠‡∏¢‡∏≤‡∏Å‡∏•‡∏≠‡∏á‡∏°‡∏≤‡∏ô‡∏≤‡∏ô
‡πÄ‡∏´‡πá‡∏ô‡πÉ‡∏Ñ‡∏£‡πÜ ‡∏Å‡πá‡∏£‡∏µ‡∏ß‡∏¥‡∏ß‡∏£‡πâ‡∏≤‡∏ô‡∏£‡∏≤‡πÄ‡∏°‡∏ô‡∏ô‡∏µ‡πâ‡∏°‡∏≤‡∏ô‡∏≤‡∏ô‡∏´‡∏•‡∏≤‡∏¢‡πÄ‡∏î‡∏∑‡∏≠‡∏ô‡∏°‡∏≤‡∏Å
‡∏ß‡∏±‡∏ô‡∏ô‡∏µ‡πâ‡∏ö‡∏±‡∏á‡πÄ‡∏≠‡∏¥‡∏ç ‡∏£‡πâ‡∏≤‡∏ô‡∏°‡∏≤‡πÄ‡∏õ‡∏¥‡∏î‡∏ö‡∏π‡∏ó‡∏ó‡∏µ‡πà‡∏û‡∏≤‡∏£‡∏≤‡∏Å‡∏≠‡∏ô ‡∏£‡∏≠‡πÅ‡∏õ‡πä‡∏õ‡πÄ‡∏î‡∏µ‡∏¢‡∏ß‡∏Å‡πâ‡∏≠‡πÑ‡∏î‡πâ‡∏•‡∏∞ ‡πÄ‡∏•‡∏¢‡∏Ç‡∏≠‡∏•‡∏≠‡∏á‡∏ã‡∏∞‡∏´‡∏ô‡πà‡∏≠‡∏¢ 
‡∏™‡∏±‡πà‡∏á‡πÄ‡∏•‡∏¢‡∏Ñ‡πà‡∏∞ ‡∏ï‡πâ‡∏ô‡∏ï‡∏≥‡∏£‡∏±‡∏ö‡∏Ç‡∏≠‡∏á‡∏£‡πâ‡∏≤‡∏ô ‡∏£‡∏≤‡∏Ñ‡∏≤ 350‡∏ø ‡∏°‡∏≤‡πÅ‡∏ö‡∏ö ‡πÄ‡∏™‡πâ‡∏ô‡∏£‡∏≤‡πÄ‡∏°‡∏ô‡∏´‡∏ô‡∏≤‡πÅ‡∏ö‡∏ö‡πÄ‡∏¢‡πá‡∏ô‡πÇ‡∏õ‡∏∞‡∏î‡πâ‡∏ß‡∏¢‡∏´‡∏°‡∏π‡∏£‡∏°‡∏Ñ‡∏ß‡∏±‡∏ô ‡πÅ‡∏•‡∏∞‡∏ô‡πâ‡∏≥‡∏ã‡∏∏‡∏õ‡∏£‡πâ‡∏≠‡∏ô‡πÄ‡∏Ñ‡∏µ‡πà‡∏¢‡∏ß‡πÄ‡∏´‡∏ô‡∏µ‡∏¢‡∏ß‡∏û‡∏£‡πâ‡∏≠‡∏°‡πÉ‡∏´‡πâ‡∏à‡∏∏‡πà‡∏°‡πÄ‡∏™‡πâ‡∏ô ‡πÅ‡∏ï‡πà‡∏£‡∏™‡∏ä‡∏≤‡∏ï‡∏¥ ‡∏ô‡πâ‡∏≥‡∏ã‡∏∏‡∏õ‡πÄ‡∏Ñ‡πá‡∏°‡∏°‡∏≤‡∏Å ‡∏¢‡∏¥‡πà‡∏á‡∏Å‡∏¥‡∏ô‡πÑ‡∏õ‡∏ô‡πâ‡∏≥‡∏ã‡∏∏‡∏õ‡πÄ‡∏£‡∏¥‡πà‡∏°‡∏´‡∏≤‡∏¢‡∏£‡πâ‡∏≠‡∏ô ‡∏¢‡∏¥‡πà‡∏á‡πÄ‡∏Ñ‡πá‡∏°‡∏°‡∏≤‡∏Å
‡∏™‡πà‡∏ß‡∏ô‡πÅ‡∏ü‡∏ô ‡πÄ‡∏õ‡πá‡∏ô‡∏£‡∏≤‡πÄ‡∏°‡∏ô‡πÅ‡∏ö‡∏ö‡∏ò‡∏£‡∏£‡∏°‡∏î‡∏≤ 230‡∏ø ‡πÄ‡∏™‡πâ‡∏ô‡∏£‡∏≤‡πÄ‡∏°‡∏ô‡∏à‡∏∞‡πÄ‡∏•‡πá‡∏Å‡∏Å‡∏ß‡πà‡∏≤ ‡∏ô‡∏≥‡πâ‡∏ã‡∏∏‡∏õ‡πÄ‡∏Ñ‡πá‡∏°‡∏°‡∏≤‡∏Å‡∏≠‡∏µ‡∏Å‡πÅ‡∏•‡πâ‡∏ß‡∏Ñ‡πà‡∏∞ ‡πÅ‡∏ü‡∏ô‡∏ö‡πà‡∏ô‡∏ï‡∏±‡πâ‡∏á‡πÅ‡∏ï‡πà‡∏Ñ‡∏≥‡πÅ‡∏£‡∏Å‡∏à‡∏ô‡∏Ñ‡∏≥‡∏™‡∏∏‡∏î‡∏ó‡πâ‡∏≤‡∏¢  ‡πÅ‡∏ï‡πà‡∏¢‡∏±‡∏á‡∏î‡∏µ‡∏´‡∏°‡∏π‡∏ä‡∏≤‡∏°‡∏ô‡∏µ‡πâ‡∏≠‡∏£‡πà‡∏≠‡∏¢‡∏ã‡∏∂‡πà‡∏á‡πÅ‡∏ü‡∏ô‡πÑ‡∏°‡πà‡∏ä‡∏≠‡∏ö
‡∏™‡∏£‡∏∏‡∏õ 580‡∏ø ‡∏Ñ‡∏£‡∏±‡πâ‡∏á‡∏ô‡∏µ‡πâ‡πÄ‡∏õ‡πá‡∏ô‡∏Ñ‡∏£‡∏±‡πâ‡∏á‡πÅ‡∏£‡∏Å ‡πÅ‡∏•‡∏∞‡∏Ñ‡∏á‡πÄ‡∏õ‡πá‡∏ô‡∏Ñ‡∏£‡∏±‡πâ‡∏á‡πÄ‡∏î‡∏µ‡∏¢‡∏ß‡∏à‡∏£‡∏¥‡∏á‡πÜ",2,moosun,https://www.wongnai.com/reviews/f9fd2f823e2548fa85b1fdc0e0f3e7a9
23,‡∏£‡∏≤‡πÄ‡∏°‡∏á‡∏≠‡∏£‡πà‡∏≠‡∏¢ ‡∏™‡∏∞‡∏≠‡∏≤‡∏î,5,Teddy Song,https://www.wongnai.com/reviews/6565da7a425f4e26b9bc9aa246a327fe
24,‡πÄ‡∏™‡πâ‡∏ô‡∏à‡∏∞‡∏°‡∏µ‡∏Ñ‡∏ß‡∏≤‡∏°‡πÅ‡∏Ç‡πá‡∏á‡∏°‡∏≤‡∏Å‡∏Å‡∏ß‡πà‡∏≤‡∏ó‡∏µ‡πà‡∏≠‡∏∑‡πà‡∏ô ‡∏£‡∏™‡∏ä‡∏≤‡∏ï‡∏¥‡∏à‡∏∞‡∏≠‡∏≠‡∏Å‡πÑ‡∏õ‡∏ó‡∏≤‡∏ô‡πÄ‡∏Ñ‡πá‡∏°,3,‡∏ä‡∏¢‡∏Å‡∏£ ‡∏ï‡∏≠‡∏ô‡∏ô‡∏≠‡∏ô‡∏ï‡πâ‡∏≠‡∏á‡πÄ‡∏õ‡∏¥‡∏î‡πÑ‡∏ü,https://www.wongnai.com/reviews/10d7df27fcc2431db518873a6f03833e
25,"‡∏£‡∏≤‡∏Ñ‡∏≤‡∏ï‡πà‡∏≠‡∏´‡∏±‡∏ß: 251 - 500 ‡∏ö‡∏≤‡∏ó
‡πÄ‡∏°‡∏ô‡∏π‡πÄ‡∏î‡πá‡∏î: ShioRamen, ‡πÑ‡∏Ç‡πà‡∏°‡∏∞‡∏ï‡∏π‡∏°
‡πÄ‡∏™‡πâ‡∏ô‡πÄ‡∏´‡∏ô‡∏µ‡∏¢‡∏ß‡∏ô‡∏∏‡πà‡∏° ‡∏£‡∏™‡∏ä‡∏≤‡∏ï‡∏¥‡πÄ‡∏Ç‡πâ‡∏°‡∏Ç‡πâ‡∏ô‡∏Å‡∏≥‡∏•‡∏±‡∏á‡∏î‡∏µ
‡∏≠‡∏¢‡∏π‡πà‡πÉ‡∏Å‡∏•‡πâ‡∏£‡∏ñ‡πÑ‡∏ü‡∏ü‡πâ‡∏≤‡∏ä‡∏¥‡∏î‡∏•‡∏° ‡πÄ‡∏î‡∏¥‡∏ô‡∏ó‡∏≤‡∏á‡∏™‡∏∞‡∏î‡∏ß‡∏Å
‡∏°‡∏≤‡∏£‡∏≠‡∏ö‡∏™‡∏≠‡∏á‡πÅ‡∏•‡πâ‡∏ß‡∏Å‡πá‡∏¢‡∏±‡∏á‡∏õ‡∏£‡∏∞‡∏ó‡∏±‡∏ö‡πÉ‡∏à‡πÉ‡∏ô‡∏£‡∏™‡∏ä‡∏≤‡∏ï‡∏¥",4,Natnicha Pimpa,https://www.wongnai.com/reviews/efa7262409e34bed9eaae7a1b80d9810
26,"Shio Ramen ‡πÄ‡∏Ç‡πâ‡∏°‡∏Ç‡πâ‡∏ô‡∏î‡πâ‡∏ß‡∏¢‡∏£‡∏™‡πÑ‡∏Å‡πà
‡∏£‡∏≤‡∏Ñ‡∏≤‡∏ï‡πà‡∏≠‡∏´‡∏±‡∏ß: 251 - 500 ‡∏ö‡∏≤‡∏ó
‡∏ß‡∏±‡∏ô‡∏Å‡πà‡∏≠‡∏ô‡∏°‡∏µ‡∏ò‡∏∏‡∏£‡∏∞‡πÅ‡∏ñ‡∏ß Erawan ‡πÄ‡∏•‡∏¢‡πÑ‡∏õ‡∏•‡∏≠‡∏á‡∏ó‡∏≤‡∏ô‡∏ã‡πâ‡∏≥‡∏≠‡∏µ‡∏Å‡∏£‡∏≠‡∏ö ‡πÅ‡∏ï‡πà‡∏Ñ‡∏£‡∏≤‡∏ß‡∏ô‡∏µ‡πâ‡∏™‡∏±‡πà‡∏á Shio Ramen ‡πÅ‡∏ó‡∏ô

‡∏ô‡πâ‡∏≥‡∏ã‡∏∏‡∏õ‡πÉ‡∏™ ‡πÄ‡∏Ç‡πâ‡∏°‡∏Ç‡πâ‡∏ô‡πÑ‡∏õ‡∏î‡πâ‡∏ß‡∏¢‡∏£‡∏™‡∏ä‡∏≤‡∏ï‡∏¥‡∏Ç‡∏≠‡∏á‡πÑ‡∏Å‡πà ‡πÄ‡∏™‡πâ‡∏ô‡∏•‡∏ß‡∏Å‡∏°‡∏≤‡πÅ‡∏Ç‡πá‡∏á‡∏Å‡∏≥‡∏•‡∏±‡∏á‡∏î‡∏µ ‡∏ô‡∏±‡∏ö‡∏ß‡πà‡∏≤‡∏î‡∏µ‡∏Ç‡∏∂‡πâ‡∏ô‡πÄ‡∏¢‡∏≠‡∏∞‡∏Å‡∏ß‡πà‡∏≤‡∏ï‡∏≠‡∏ô‡∏°‡∏≤‡∏Ñ‡∏£‡∏±‡πâ‡∏á‡πÅ‡∏£‡∏Å

‡πÅ‡∏ï‡πà‡∏ï‡∏Å‡∏°‡πâ‡∏≤‡∏ï‡∏≤‡∏¢‡∏ï‡∏£‡∏á‡∏Ç‡∏ô‡∏°‡∏´‡∏ß‡∏≤‡∏ô creme brulee ‡πÄ‡∏ô‡∏∑‡πâ‡∏≠‡πÅ‡∏´‡πâ‡∏á‡πÅ‡∏Ç‡πá‡∏á ‡∏û‡∏£‡πâ‡∏≠‡∏° strawberry compote ‡∏ó‡∏µ‡πà‡∏Å‡πâ‡∏ô‡∏Ç‡∏ß‡∏î‡∏ã‡∏∂‡πà‡∏á‡πÑ‡∏°‡πà‡πÑ‡∏î‡πâ‡πÄ‡∏Ç‡πâ‡∏≤‡∏Å‡∏±‡∏ô ‡∏ú‡∏¥‡∏î‡∏´‡∏ß‡∏±‡∏á‡∏Ñ‡∏£‡∏±‡∏ö

‡∏£‡∏≤‡∏Ñ‡∏≤: ‡∏£‡∏≤‡∏ß‡πÜ 300 ‡∏ö‡∏≤‡∏ó‡∏ï‡πà‡∏≠‡∏Ñ‡∏ô

‡∏™‡∏£‡∏∏‡∏õ 3 ‡∏î‡∏≤‡∏ß",3,Setthapong,https://www.wongnai.com/reviews/948808d249ce45c3870867e8fb768638
27,"‡∏ã‡∏∏‡∏õ‡∏Ç‡πâ‡∏ô (‡∏ó‡∏£‡∏±‡∏û‡∏¢‡πå‡∏à‡∏≤‡∏á)
‡∏£‡∏≤‡∏Ñ‡∏≤‡∏ï‡πà‡∏≠‡∏´‡∏±‡∏ß: 251 - 500 ‡∏ö‡∏≤‡∏ó
‡∏°‡∏≤‡∏ó‡∏≤‡∏ô‡πÄ‡∏õ‡πá‡∏ô‡∏Ñ‡∏£‡∏±‡πâ‡∏á‡∏ó‡∏µ‡πà2 ‡πÅ‡∏•‡∏∞‡∏•‡∏≠‡∏á‡∏ó‡∏≤‡∏ô‡πÄ‡∏õ‡πá‡∏ô‡πÅ‡∏ö‡∏ö‡∏£‡∏≤‡πÄ‡∏°‡∏á‡∏ó‡∏±‡πà‡∏ß‡πÑ‡∏õ‡∏î‡∏π‡∏ö‡πâ‡∏≤‡∏á ‡πÅ‡∏•‡∏∞‡∏™‡∏±‡πà‡∏á‡πÄ‡∏Å‡∏µ‡πä‡∏¢‡∏ß‡∏ã‡πà‡∏≤‡∏°‡∏≤‡∏ä‡∏¥‡∏°‡∏î‡πâ‡∏ß‡∏¢
‡πÄ‡∏£‡∏¥‡πà‡∏°‡∏ó‡∏≤‡∏ô‡πÅ‡∏£‡∏Å‡πÜ‡∏Å‡πá‡∏£‡∏π‡πâ‡∏™‡∏∂‡∏Å‡∏≠‡∏£‡πà‡∏≠‡∏¢‡∏î‡∏µ ‡∏ã‡∏∏‡∏õ‡πÄ‡∏Ç‡πâ‡∏°‡∏Ç‡πâ‡∏ô‡∏°‡∏±‡∏ô‡∏î‡∏µ ‡πÄ‡∏™‡πâ‡∏ô‡∏ô‡∏∏‡πà‡∏° ‡∏≠‡∏Å‡πÑ‡∏Å‡πà ‡∏´‡∏°‡∏π‡∏ä‡∏≤‡∏ä‡∏π‡∏´‡∏≠‡∏°‡∏î‡∏µ ‡πÅ‡∏ï‡πà‡∏û‡∏≠‡∏ó‡∏≤‡∏ô‡πÑ‡∏õ‡∏™‡∏±‡∏Å‡∏û‡∏±‡∏Å‡∏ä‡∏±‡∏Å‡πÄ‡∏•‡∏µ‡πà‡∏¢‡∏ô‡∏Ñ‡πà‡∏∞ ‡πÅ‡∏´‡∏∞‡πÜ ‡∏Ñ‡∏á‡πÄ‡∏û‡∏£‡∏≤‡∏∞‡∏£‡∏™‡∏ä‡∏≤‡∏ï‡∏¥‡∏°‡∏±‡∏ô‡πÄ‡∏Ç‡πâ‡∏°&‡∏°‡∏±‡∏ô‡∏°‡∏≤‡∏Å‡πÅ‡∏•‡∏∞‡πÑ‡∏°‡πà‡∏°‡∏µ‡∏£‡∏™‡∏≠‡∏∑‡πà‡∏ô‡∏°‡∏≤‡∏ï‡∏±‡∏î ‡∏™‡πà‡∏ß‡∏ô‡∏ï‡∏±‡∏ß‡∏ä‡∏≠‡∏ö‡πÅ‡∏ö‡∏ö‡∏ó‡∏µ‡πà‡πÅ‡∏¢‡∏Å‡∏ô‡πâ‡∏≥‡∏ã‡∏∏‡∏õ‡∏°‡∏≤‡∏Å‡∏Å‡∏ß‡πà‡∏≤‡∏Ñ‡πà‡∏∞

‡∏°‡∏∑‡πâ‡∏≠‡∏ô‡∏µ‡πâ‡∏™‡∏±‡πà‡∏á‡∏£‡∏≤‡πÄ‡∏°‡∏á2‡∏ä‡∏≤‡∏° ‡∏™‡∏±‡πà‡∏á‡πÄ‡∏ô‡∏∑‡πâ‡∏≠‡∏™‡∏±‡∏ï‡∏ß‡πå‡πÄ‡∏û‡∏¥‡πà‡∏°1‡∏à‡∏≤‡∏ô(6‡∏ä‡∏¥‡πâ‡∏ô) ‡πÅ‡∏•‡∏∞‡πÄ‡∏Å‡∏µ‡πä‡∏¢‡∏ß‡∏ã‡πà‡∏≤1‡∏à‡∏≤‡∏ô. ‡∏£‡∏≤‡∏Ñ‡∏≤‡∏£‡∏ß‡∏°900++‡∏Ñ‡πà‡∏∞ ",3,Peiping,https://www.wongnai.com/reviews/63a92b8383cc41328009e89a12a61129
28,"‡∏£‡∏≤‡πÄ‡∏°‡∏ô‡∏ã‡∏∏‡∏õ‡πÑ‡∏Å‡πà ‡∏£‡∏™‡∏ä‡∏≤‡∏ï‡∏¥‡∏î‡∏µ‡πÉ‡∏ä‡πâ‡πÑ‡∏î‡πâ
‡∏£‡∏≤‡∏Ñ‡∏≤‡∏ï‡πà‡∏≠‡∏´‡∏±‡∏ß: 251 - 500 ‡∏ö‡∏≤‡∏ó
‡πÄ‡∏°‡∏ô‡∏π‡πÄ‡∏î‡πá‡∏î: ChashuShioRamen
‡∏£‡πâ‡∏≤‡∏ô‡∏≠‡∏¢‡∏π‡πà‡∏ä‡∏±‡πâ‡∏ô‡πÉ‡∏ï‡πâ‡∏î‡∏¥‡∏ô‡∏Ç‡∏≠‡∏á‡πÄ‡∏≠‡∏£‡∏≤‡∏ß‡∏±‡∏ì ‡∏´‡∏≤‡∏á‡πà‡∏≤‡∏¢
‡∏™‡∏∂‡πÄ‡∏Ñ‡πÄ‡∏°‡∏ô ‡πÄ‡∏™‡πâ‡∏ô‡πÅ‡∏Ç‡πá‡∏á‡πÑ‡∏õ‡∏ô‡∏¥‡∏î ‡∏≠‡∏±‡∏ô‡∏ô‡∏µ‡πâ‡πÅ‡∏•‡πâ‡∏ß‡πÅ‡∏ï‡πà‡∏Ñ‡∏ô‡∏ä‡∏≠‡∏ö
‡∏ô‡πâ‡∏≥‡∏ã‡∏∏‡∏õ‡∏≠‡∏£‡πà‡∏≠‡∏¢‡∏î‡∏µ
‡∏ä‡∏¥‡πÇ‡∏≠‡∏∞‡∏£‡∏≤‡πÄ‡∏°‡∏ô ‡∏ô‡πâ‡∏≥‡∏ã‡∏∏‡∏õ‡πÑ‡∏Å‡πà‡πÉ‡∏™‡πà‡πÄ‡∏Å‡∏•‡∏∑‡∏≠ ‡∏£‡∏™‡∏ä‡∏≤‡∏ï‡∏¥‡∏î‡∏µ‡πÉ‡∏ä‡πâ‡πÑ‡∏î‡πâ ‡∏Ñ‡πà‡∏ô‡πÑ‡∏õ‡∏ó‡∏≤‡∏á‡πÄ‡∏Ñ‡πá‡∏° ‡πÄ‡∏ô‡∏∑‡πâ‡∏≠‡πÑ‡∏Å‡πà‡∏ó‡∏µ‡πà‡πÉ‡∏´‡πâ‡∏°‡∏≤ ‡πÄ‡∏ô‡∏∑‡πâ‡∏≠‡∏™‡∏±‡∏°‡∏ú‡∏±‡∏™‡πÅ‡∏õ‡∏•‡∏Å‡∏î‡∏µ ‡∏ô‡∏∏‡πà‡∏°‡πÄ‡∏ô‡∏µ‡∏¢‡∏ô‡πÅ‡∏ó‡∏ö‡∏à‡∏∞‡πÄ‡∏´‡∏°‡∏∑‡∏≠‡∏ô‡πÑ‡∏Å‡πà‡∏ö‡∏î ‡πÅ‡∏ï‡πà‡∏Å‡∏•‡∏±‡∏ö‡∏ó‡∏≥‡πÉ‡∏´‡πâ‡∏Ñ‡∏¥‡∏î‡∏ñ‡∏∂‡∏á‡∏≠‡∏Å‡πÑ‡∏Å‡πà 7-11 ‡πÄ‡∏Ñ‡πâ‡∏≤‡∏à‡∏∞‡πÄ‡∏™‡∏µ‡∏¢‡πÉ‡∏à‡∏°‡∏±‡πâ‡∏¢‡∏ô‡∏∞ ‡∏ó‡∏µ‡πà‡∏Ñ‡∏ô‡∏Å‡∏¥‡∏ô‡∏Ñ‡∏¥‡∏î‡πÅ‡∏ö‡∏ö‡∏ô‡∏µ‡πâ",4,Sitoon Thanachotkanon,https://www.wongnai.com/reviews/666b0c3867d84bd0af81b100bf388a7c
29,"‡∏≠‡∏£‡πà‡∏≠‡∏¢‡∏™‡∏°‡∏Ñ‡∏≥‡∏£‡πà‡∏≥‡∏•‡∏∑‡∏≠
‡∏£‡∏≤‡∏Ñ‡∏≤‡∏ï‡πà‡∏≠‡∏´‡∏±‡∏ß: 251 - 500 ‡∏ö‡∏≤‡∏ó
‡πÄ‡∏°‡∏ô‡∏π‡πÄ‡∏î‡πá‡∏î: Chashu Noko Gyokai Ramen
‡∏£‡∏µ‡∏ö‡πÑ‡∏õ‡∏à‡∏±‡∏î ‡∏´‡∏•‡∏±‡∏á‡∏à‡∏≤‡∏Å‡∏ó‡∏µ‡πà‡∏û‡∏µ‡πà‡∏´‡∏¢‡∏µ‡∏Ñ‡∏≠‡∏ô‡πÄ‡∏ü‡∏¥‡∏£‡πå‡∏°‡∏ß‡πà‡∏≤‡∏≠‡∏£‡πà‡∏≠‡∏¢‡∏Ñ‡πà‡∏∞
‡∏£‡πâ‡∏≤‡∏ô‡πÄ‡∏õ‡∏¥‡∏î‡∏ä‡πà‡∏ß‡∏á‡πÄ‡∏¢‡πá‡∏ô18‡∏ô ‡πÑ‡∏õ‡∏ñ‡∏∂‡∏á‡∏´‡∏•‡∏±‡∏á‡∏£‡πâ‡∏≤‡∏ô‡πÄ‡∏õ‡∏¥‡∏î‡πÅ‡∏Ñ‡πà5‡∏ô‡∏≤‡∏ó‡∏µ ‡∏Ñ‡∏ô‡πÄ‡∏ï‡πá‡∏°‡∏£‡πâ‡∏≤‡∏ô‡πÄ‡∏•‡∏¢‡∏Ñ‡πà‡∏≤ ‡πÅ‡∏•‡πâ‡∏ß‡∏Å‡πá‡∏Ñ‡πà‡∏≠‡∏¢‡πÜ‡∏°‡∏≤‡∏ó‡∏¢‡∏≠‡∏¢‡∏ï‡πà‡∏≠‡∏Ñ‡∏¥‡∏ß‡∏Å‡∏±‡∏ô
‡∏ó‡∏µ‡πà‡∏à‡∏≠‡∏î‡∏£‡∏ñ‡∏™‡∏ö‡∏≤‡∏¢‡πÜ ‡πÉ‡∏ô‡πÇ‡∏£‡∏á‡πÅ‡∏£‡∏°‡πÄ‡∏≠‡∏£‡∏≤‡∏ß‡∏±‡∏ì
‡∏£‡πâ‡∏≤‡∏ô‡πÑ‡∏°‡πà‡πÉ‡∏´‡∏ç‡πà ‡∏°‡∏≤‡∏Ñ‡∏ô‡πÄ‡∏î‡∏µ‡∏¢‡∏ß‡∏Å‡πá‡∏ô‡∏±‡πà‡∏ácounter ‡∏Ñ‡∏ô‡∏°‡∏≤‡∏ó‡∏≤‡∏ô‡∏´‡∏•‡∏±‡∏á‡πÄ‡∏•‡∏¥‡∏Å‡∏á‡∏≤‡∏ô‡πÄ‡∏¢‡∏≠‡∏∞‡∏≠‡∏¢‡∏π‡πà‡∏Ñ‡πà‡∏∞
‡∏Ñ‡∏£‡∏±‡πâ‡∏á‡∏ô‡∏µ‡πâ‡∏°‡∏≤‡∏•‡∏≠‡∏á tsukemen ‡∏Ç‡∏∂‡πâ‡∏ô‡∏ä‡∏∑‡πà‡∏≠‡∏Ç‡∏≠‡∏á‡∏£‡πâ‡∏≤‡∏ô ‡∏≠‡∏£‡πà‡∏≠‡∏¢‡∏à‡∏£‡∏¥‡∏á‡∏Ñ‡πà‡∏∞ ‡πÅ‡∏ï‡πà‡∏°‡∏±‡∏ô‡∏°‡∏≤‡∏Å‡πÑ‡∏õ‡∏´‡∏ô‡πà‡∏≠‡∏¢ ‡∏û‡∏≠‡∏î‡∏µ‡∏™‡∏±‡πà‡∏á Scallop oil‡∏°‡∏≤‡∏•‡∏≠‡∏á‡∏î‡πâ‡∏ß‡∏¢ ‡∏¢‡∏¥‡πà‡∏á‡πÄ‡∏û‡∏¥‡πà‡∏°‡∏Ñ‡∏ß‡∏≤‡∏°‡∏°‡∏±‡∏ô ‡∏û‡∏£‡∏¥‡∏Å‡∏õ‡πà‡∏ô‡∏ó‡∏µ‡πà‡∏ô‡∏µ‡πà‡πÑ‡∏°‡πà‡πÄ‡∏ú‡πá‡∏î‡πÄ‡∏ó‡πà‡∏≤‡πÑ‡∏£‡∏Ñ‡πà‡∏∞
‡∏£‡∏≤‡∏Ñ‡∏≤‡∏Å‡πá‡∏Ñ‡πà‡∏≠‡∏ô‡∏Ç‡πâ‡∏≤‡∏á‡πÅ‡∏û‡∏á‡πÄ‡∏•‡∏¢‡∏Ñ‡πà‡∏∞",5,pennapa,https://www.wongnai.com/reviews/d49f17da2f68482a986fdead326c1e28
30,"‡∏£‡πâ‡∏≤‡∏ô‡∏£‡∏≤‡πÄ‡∏°‡πá‡∏á‡∏ä‡∏∑‡πà‡∏≠‡∏î‡∏±‡∏á‡∏à‡∏≤‡∏Å‡∏ç‡∏µ‡∏õ‡πà‡πà‡∏∏‡∏ô‡∏°‡∏≤‡πÄ‡∏õ‡∏¥‡∏î‡∏™‡∏≤‡∏Ç‡∏≤‡∏Ñ‡∏ß‡∏£‡∏•‡∏≠‡∏á
‡∏£‡∏≤‡∏Ñ‡∏≤‡∏ï‡πà‡∏≠‡∏´‡∏±‡∏ß: 251 - 500 ‡∏ö‡∏≤‡∏ó
Menya Ittou ‡πÄ‡∏õ‡πá‡∏ô‡∏£‡πâ‡∏≤‡∏ô‡∏£‡∏≤‡πÄ‡∏°‡πá‡∏á‡∏î‡∏±‡∏á‡∏ó‡∏µ‡πà‡πÑ‡∏î‡πâ‡∏£‡∏≤‡∏á‡∏ß‡∏±‡∏•‡∏°‡∏≤‡∏Å‡∏°‡∏≤‡∏¢‡∏à‡∏≤‡∏Å‡∏ó‡∏µ‡πà‡πÇ‡∏ï‡πÄ‡∏Å‡∏µ‡∏¢‡∏ß‡∏Ñ‡∏£‡∏±‡∏ö ‡πÇ‡∏î‡∏¢‡∏£‡πâ‡∏≤‡∏ô‡∏≠‡∏≠‡∏£‡∏¥‡∏à‡∏¥‡∏ô‡∏≠‡∏•‡πÑ‡∏õ‡∏ó‡∏≤‡∏ô‡πÅ‡∏ï‡πà‡∏•‡∏∞‡∏ó‡∏µ‡∏ï‡πâ‡∏≠‡∏á‡∏ï‡πà‡∏≠‡∏Ñ‡∏¥‡∏ß‡∏¢‡∏≤‡∏ß‡πÄ‡∏õ‡πá‡∏ô ‡∏ä‡∏° ‡πÄ‡∏•‡∏¢ ‡∏°‡∏≤‡πÄ‡∏õ‡∏¥‡∏î‡∏™‡∏≤‡∏Ç‡∏≤‡∏Å‡∏•‡∏≤‡∏á‡πÄ‡∏°‡∏∑‡∏≠‡∏á‡∏ö‡πâ‡∏≤‡∏ô‡πÄ‡∏£‡∏≤‡πÅ‡∏•‡πâ‡∏ß‡∏™‡∏∞‡∏î‡∏ß‡∏Å‡∏Ç‡∏∂‡πâ‡∏ô‡∏°‡∏≤‡∏Å ‡∏ï‡∏±‡∏ß‡πÄ‡∏î‡πà‡∏ô‡∏Ç‡∏≠‡∏á‡∏£‡πâ‡∏≤‡∏ô‡∏¢‡∏±‡∏á‡∏Ñ‡∏á‡πÄ‡∏õ‡πá‡∏ô Tsukemen ‡πÄ‡∏´‡∏°‡∏∑‡∏≠‡∏ô‡πÄ‡∏î‡∏¥‡∏° ‡πÄ‡∏Ñ‡∏£‡∏∑‡πà‡∏≠‡∏á‡∏ó‡∏±‡πâ‡∏á 3 ‡∏ó‡∏µ‡πà‡∏ó‡∏≠‡∏õ‡∏°‡∏≤‡∏≠‡∏£‡πà‡∏≠‡∏¢‡πÄ‡∏ä‡πà‡∏ô‡∏Ç‡∏≠‡∏á‡πÄ‡∏î‡∏¥‡∏° ‡∏¢‡∏±‡∏á‡∏°‡∏µ‡∏î‡∏≤‡∏ä‡∏¥‡πÑ‡∏ß‡πâ‡πÉ‡∏´‡πâ‡πÄ‡∏ó‡∏•‡∏á‡∏ã‡∏∏‡∏õ‡∏ã‡∏î‡∏ó‡∏≤‡∏ô‡πÑ‡∏î‡πâ‡∏î‡πâ‡∏ß‡∏¢ ‡πÅ‡∏ï‡πà‡πÅ‡∏≠‡∏ö‡∏£‡∏π‡πâ‡∏™‡∏∂‡∏Å‡∏ß‡πà‡∏≤‡∏ô‡πâ‡∏≥‡πÑ‡∏°‡πà‡πÄ‡∏Ç‡πâ‡∏°‡∏Ç‡πâ‡∏ô‡πÄ‡∏ó‡πà‡∏≤‡∏ó‡∏µ‡πà‡πÇ‡∏ô‡πà‡∏ô‡∏ô‡∏¥‡∏î‡∏ô‡∏∂‡∏á ‡πÅ‡∏ï‡πà‡πÇ‡∏î‡∏¢‡∏£‡∏ß‡∏°‡∏Ñ‡∏∑‡∏≠‡∏î‡∏µ‡∏á‡∏≤‡∏°‡∏Ñ‡∏£‡∏±‡∏ö ‡πÉ‡∏Ñ‡∏£‡∏ä‡∏≠‡∏ö‡∏ó‡∏≤‡∏ô Tsukemen ‡∏Ñ‡∏ß‡∏£‡∏•‡∏≠‡∏á ",5,Go Went Korn,https://www.wongnai.com/reviews/7c77048c44f54692be0f6024077da499